date,uid,name,scan_time,hour,scan_no
2026-06-01,9D 96 87 A4,กรรณิการ์,20:50:16,20.838,1
2026-06-02,9D 96 87 A4,กรรณิการ์,07:46:52,7.781,1
2026-06-02,9D 96 87 A4,กรรณิการ์,20:01:34,20.026,2
2026-06-04,9D 96 87 A4,กรรณิการ์,11:56:11,11.936,1
2026-06-05,9D 96 87 A4,กรรณิการ์,15:01:13,15.02,1
2026-06-06,9D 96 87 A4,กรรณิการ์,07:26:49,7.447,1
2026-06-06,9D 96 87 A4,กรรณิการ์,15:31:33,15.526,2
2026-06-07,9D 96 87 A4,กรรณิการ์,07:27:28,7.458,1
2026-06-07,9D 96 87 A4,กรรณิการ์,15:30:50,15.514,2
2026-06-08,9D 96 87 A4,กรรณิการ์,12:51:14,12.854,1
2026-06-08,9D 96 87 A4,กรรณิการ์,20:53:26,20.891,2
2026-06-09,9D 96 87 A4,กรรณิการ์,07:49:58,7.833,1
2026-06-09,9D 96 87 A4,กรรณิการ์,20:01:44,20.029,2
2026-06-11,9D 96 87 A4,กรรณิการ์,11:49:17,11.821,1
2026-06-11,9D 96 87 A4,กรรณิการ์,20:04:17,20.071,2
2026-06-12,9D 96 87 A4,กรรณิการ์,07:21:20,7.356,1
2026-06-12,9D 96 87 A4,กรรณิการ์,15:28:51,15.481,2
2026-06-13,9D 96 87 A4,กรรณิการ์,07:20:32,7.342,1
2026-06-13,9D 96 87 A4,กรรณิการ์,15:25:54,15.432,2
2026-06-14,9D 96 87 A4,กรรณิการ์,06:55:16,6.921,1
2026-06-14,9D 96 87 A4,กรรณิการ์,15:00:28,15.008,2
2026-06-15,9D 96 87 A4,กรรณิการ์,12:44:20,12.739,1
2026-06-15,9D 96 87 A4,กรรณิการ์,20:56:15,20.938,2
2026-06-16,9D 96 87 A4,กรรณิการ์,07:58:51,7.981,1
2026-06-16,9D 96 87 A4,กรรณิการ์,20:01:41,20.028,2
2026-06-18,9D 96 87 A4,กรรณิการ์,20:02:59,20.05,1
2026-06-19,9D 96 87 A4,กรรณิการ์,05:56:45,5.946,1
2026-06-19,9D 96 87 A4,กรรณิการ์,14:37:56,14.632,2
2026-06-20,9D 96 87 A4,กรรณิการ์,06:56:55,6.949,1
2026-06-20,9D 96 87 A4,กรรณิการ์,15:03:09,15.052,2
2026-06-21,9D 96 87 A4,กรรณิการ์,06:43:29,6.725,1
2026-06-21,9D 96 87 A4,กรรณิการ์,15:01:29,15.025,2
2026-06-22,9D 96 87 A4,กรรณิการ์,12:56:36,12.943,1
2026-06-22,9D 96 87 A4,กรรณิการ์,20:54:23,20.906,2
2026-06-23,9D 96 87 A4,กรรณิการ์,07:46:30,7.775,1
2026-06-23,9D 96 87 A4,กรรณิการ์,20:01:16,20.021,2
2026-06-25,9D 96 87 A4,กรรณิการ์,11:51:11,11.853,1
2026-06-25,9D 96 87 A4,กรรณิการ์,20:01:40,20.028,2
2026-06-26,9D 96 87 A4,กรรณิการ์,05:57:30,5.958,1
2026-06-26,9D 96 87 A4,กรรณิการ์,14:00:19,14.005,2
2026-06-27,9D 96 87 A4,กรรณิการ์,06:51:23,6.856,1
2026-06-27,9D 96 87 A4,กรรณิการ์,14:53:34,14.893,2
2026-06-28,9D 96 87 A4,กรรณิการ์,06:57:30,6.958,1
2026-06-28,9D 96 87 A4,กรรณิการ์,15:00:59,15.016,2
2026-06-29,9D 96 87 A4,กรรณิการ์,12:50:51,12.848,1
2026-06-29,9D 96 87 A4,กรรณิการ์,20:51:54,20.865,2
2026-06-30,9D 96 87 A4,กรรณิการ์,07:58:49,7.98,1
2026-06-30,9D 96 87 A4,กรรณิการ์,20:02:22,20.039,2
2026-07-02,9D 96 87 A4,กรรณิการ์,11:56:09,11.936,1
2026-07-02,9D 96 87 A4,กรรณิการ์,20:00:29,20.008,2
2026-07-03,9D 96 87 A4,กรรณิการ์,06:02:27,6.041,1
2026-07-03,9D 96 87 A4,กรรณิการ์,14:02:35,14.043,2
2026-07-04,9D 96 87 A4,กรรณิการ์,07:19:00,7.317,1
2026-07-04,9D 96 87 A4,กรรณิการ์,15:36:55,15.615,2
2026-07-05,9D 96 87 A4,กรรณิการ์,07:23:23,7.39,1
2026-07-06,9D 96 87 A4,กรรณิการ์,12:46:42,12.778,1
2026-07-06,9D 96 87 A4,กรรณิการ์,21:02:22,21.039,2
2026-07-07,9D 96 87 A4,กรรณิการ์,07:45:34,7.759,1
2026-07-07,9D 96 87 A4,กรรณิการ์,20:01:22,20.023,2
2026-07-09,9D 96 87 A4,กรรณิการ์,11:47:52,11.798,1
2026-07-09,9D 96 87 A4,กรรณิการ์,20:02:43,20.045,2
2026-07-10,9D 96 87 A4,กรรณิการ์,06:00:09,6.002,1
2026-07-10,9D 96 87 A4,กรรณิการ์,14:05:05,14.085,2
2026-07-11,9D 96 87 A4,กรรณิการ์,05:58:57,5.982,1
2026-07-11,9D 96 87 A4,กรรณิการ์,14:00:12,14.003,2
2026-07-12,9D 96 87 A4,กรรณิการ์,07:24:36,7.41,1
2026-07-12,9D 96 87 A4,กรรณิการ์,15:25:42,15.428,2
2026-07-13,9D 96 87 A4,กรรณิการ์,12:47:44,12.796,1
2026-07-13,9D 96 87 A4,กรรณิการ์,20:52:37,20.877,2
2026-07-14,9D 96 87 A4,กรรณิการ์,07:47:37,7.794,1
2026-07-14,9D 96 87 A4,กรรณิการ์,20:00:52,20.014,2
2026-07-16,9D 96 87 A4,กรรณิการ์,11:53:27,11.891,1
2026-07-16,9D 96 87 A4,กรรณิการ์,20:02:20,20.039,2
2026-07-17,9D 96 87 A4,กรรณิการ์,06:00:46,6.013,1
2026-07-17,9D 96 87 A4,กรรณิการ์,14:03:20,14.056,2
2026-07-18,9D 96 87 A4,กรรณิการ์,06:53:08,6.886,1
2026-07-18,9D 96 87 A4,กรรณิการ์,15:00:38,15.011,2
2026-07-19,9D 96 87 A4,กรรณิการ์,06:51:44,6.862,1
2026-07-19,9D 96 87 A4,กรรณิการ์,15:00:29,15.008,2
2026-07-20,9D 96 87 A4,กรรณิการ์,12:45:40,12.761,1
2026-07-20,9D 96 87 A4,กรรณิการ์,20:52:18,20.872,2
2026-07-21,9D 96 87 A4,กรรณิการ์,08:05:18,8.088,1
2026-07-21,9D 96 87 A4,กรรณิการ์,20:52:42,20.878,2
2026-07-23,9D 96 87 A4,กรรณิการ์,11:47:45,11.796,1
2026-07-23,9D 96 87 A4,กรรณิการ์,20:01:24,20.023,2
2026-07-24,9D 96 87 A4,กรรณิการ์,05:57:43,5.962,1
2026-07-24,9D 96 87 A4,กรรณิการ์,14:01:01,14.017,2
2026-07-25,9D 96 87 A4,กรรณิการ์,07:02:41,7.045,1
2026-07-25,9D 96 87 A4,กรรณิการ์,15:01:02,15.017,2
2026-07-26,9D 96 87 A4,กรรณิการ์,06:57:27,6.958,1
2026-07-26,9D 96 87 A4,กรรณิการ์,15:00:06,15.002,2
2026-07-27,9D 96 87 A4,กรรณิการ์,08:49:04,8.818,1
2026-07-27,9D 96 87 A4,กรรณิการ์,20:48:14,20.804,2
2026-07-28,9D 96 87 A4,กรรณิการ์,07:52:26,7.874,1
2026-07-28,9D 96 87 A4,กรรณิการ์,20:01:24,20.023,2
2026-07-30,9D 96 87 A4,กรรณิการ์,11:48:57,11.816,1
2026-07-30,9D 96 87 A4,กรรณิการ์,20:02:13,20.037,2
2026-07-31,9D 96 87 A4,กรรณิการ์,05:57:50,5.964,1
2026-07-31,9D 96 87 A4,กรรณิการ์,14:19:41,14.328,2
2026-08-01,9D 96 87 A4,กรรณิการ์,06:58:36,6.977,1
2026-08-01,9D 96 87 A4,กรรณิการ์,14:58:04,14.968,2
2026-08-02,9D 96 87 A4,กรรณิการ์,06:52:43,6.879,1
2026-08-02,9D 96 87 A4,กรรณิการ์,15:03:16,15.054,2
2026-08-03,9D 96 87 A4,กรรณิการ์,12:54:29,12.908,1
2026-08-03,9D 96 87 A4,กรรณิการ์,20:54:12,20.903,2
2026-08-04,9D 96 87 A4,กรรณิการ์,07:57:01,7.95,1
2026-08-04,9D 96 87 A4,กรรณิการ์,20:01:41,20.028,2
2026-08-06,9D 96 87 A4,กรรณิการ์,11:52:00,11.867,1
2026-08-06,9D 96 87 A4,กรรณิการ์,19:58:18,19.972,2
2026-08-07,9D 96 87 A4,กรรณิการ์,06:00:03,6.001,1
2026-08-08,9D 96 87 A4,กรรณิการ์,07:07:42,7.128,1
2026-08-08,9D 96 87 A4,กรรณิการ์,15:01:36,15.027,2
2026-08-09,9D 96 87 A4,กรรณิการ์,06:59:51,6.998,1
2026-08-09,9D 96 87 A4,กรรณิการ์,15:03:22,15.056,2
2026-08-10,9D 96 87 A4,กรรณิการ์,12:49:30,12.825,1
2026-08-10,9D 96 87 A4,กรรณิการ์,20:52:11,20.87,2
2026-08-11,9D 96 87 A4,กรรณิการ์,08:03:09,8.052,1
2026-08-11,9D 96 87 A4,กรรณิการ์,20:01:48,20.03,2
2026-08-13,9D 96 87 A4,กรรณิการ์,11:49:18,11.822,1
2026-08-13,9D 96 87 A4,กรรณิการ์,20:02:04,20.034,2
2026-08-14,9D 96 87 A4,กรรณิการ์,05:58:41,5.978,1
2026-08-14,9D 96 87 A4,กรรณิการ์,14:01:50,14.031,2
2026-08-15,9D 96 87 A4,กรรณิการ์,07:05:55,7.099,1
2026-08-15,9D 96 87 A4,กรรณิการ์,15:00:36,15.01,2
2026-08-16,9D 96 87 A4,กรรณิการ์,07:00:25,7.007,1
2026-08-16,9D 96 87 A4,กรรณิการ์,15:01:13,15.02,2
2026-08-17,9D 96 87 A4,กรรณิการ์,12:52:10,12.869,1
2026-08-18,9D 96 87 A4,กรรณิการ์,20:00:21,20.006,1
2026-08-20,9D 96 87 A4,กรรณิการ์,20:05:14,20.087,1
2026-08-21,9D 96 87 A4,กรรณิการ์,05:58:53,5.981,1
2026-08-21,9D 96 87 A4,กรรณิการ์,14:08:56,14.149,2
2026-08-22,9D 96 87 A4,กรรณิการ์,07:05:54,7.098,1
2026-08-22,9D 96 87 A4,กรรณิการ์,15:05:37,15.094,2
2026-08-23,9D 96 87 A4,กรรณิการ์,06:59:25,6.99,1
2026-08-24,9D 96 87 A4,กรรณิการ์,12:52:59,12.883,1
2026-08-27,9D 96 87 A4,กรรณิการ์,11:53:19,11.889,1
2026-08-27,9D 96 87 A4,กรรณิการ์,20:01:50,20.031,2
2026-08-28,9D 96 87 A4,กรรณิการ์,05:55:34,5.926,1
2026-08-28,9D 96 87 A4,กรรณิการ์,14:00:37,14.01,2
2026-08-29,9D 96 87 A4,กรรณิการ์,06:52:25,6.874,1
2026-08-29,9D 96 87 A4,กรรณิการ์,15:01:56,15.032,2
2026-08-30,9D 96 87 A4,กรรณิการ์,06:59:29,6.991,1
2026-08-30,9D 96 87 A4,กรรณิการ์,15:02:25,15.04,2
2026-08-31,9D 96 87 A4,กรรณิการ์,12:48:36,12.81,1
2026-08-31,9D 96 87 A4,กรรณิการ์,20:51:28,20.858,2
2026-09-01,9D 96 87 A4,กรรณิการ์,07:53:23,7.89,1
2026-09-01,9D 96 87 A4,กรรณิการ์,20:05:39,20.094,2
2026-09-03,9D 96 87 A4,กรรณิการ์,11:53:03,11.884,1
2026-09-03,9D 96 87 A4,กรรณิการ์,20:02:26,20.041,2
2026-09-04,9D 96 87 A4,กรรณิการ์,07:00:34,7.009,1
2026-09-04,9D 96 87 A4,กรรณิการ์,15:02:22,15.039,2
2026-09-05,9D 96 87 A4,กรรณิการ์,05:55:57,5.932,1
2026-09-06,9D 96 87 A4,กรรณิการ์,06:56:55,6.949,1
2026-09-06,9D 96 87 A4,กรรณิการ์,15:01:10,15.019,2
2026-09-07,9D 96 87 A4,กรรณิการ์,12:54:04,12.901,1
2026-09-07,9D 96 87 A4,กรรณิการ์,20:47:38,20.794,2
2026-09-08,9D 96 87 A4,กรรณิการ์,07:57:22,7.956,1
2026-09-08,9D 96 87 A4,กรรณิการ์,20:01:48,20.03,2
2026-09-10,9D 96 87 A4,กรรณิการ์,12:52:45,12.879,1
2026-09-11,9D 96 87 A4,กรรณิการ์,05:48:01,5.8,1
2026-09-11,9D 96 87 A4,กรรณิการ์,14:00:21,14.006,2
2026-09-12,9D 96 87 A4,กรรณิการ์,07:05:58,7.099,1
2026-09-12,9D 96 87 A4,กรรณิการ์,14:58:35,14.976,2
2026-09-14,9D 96 87 A4,กรรณิการ์,12:51:08,12.852,1
2026-09-14,9D 96 87 A4,กรรณิการ์,20:59:32,20.992,2
2026-09-15,9D 96 87 A4,กรรณิการ์,07:56:38,7.944,1
2026-09-15,9D 96 87 A4,กรรณิการ์,20:48:06,20.802,2
2026-09-17,9D 96 87 A4,กรรณิการ์,12:41:35,12.693,1
2026-09-17,9D 96 87 A4,กรรณิการ์,20:49:20,20.822,2
2026-09-18,9D 96 87 A4,กรรณิการ์,06:52:32,6.876,1
2026-09-18,9D 96 87 A4,กรรณิการ์,15:01:15,15.021,2
2026-09-19,9D 96 87 A4,กรรณิการ์,06:01:24,6.023,1
2026-09-19,9D 96 87 A4,กรรณิการ์,14:34:44,14.579,2
2026-09-20,9D 96 87 A4,กรรณิการ์,06:56:41,6.945,1
2026-09-20,9D 96 87 A4,กรรณิการ์,14:59:33,14.992,2
2026-09-21,9D 96 87 A4,กรรณิการ์,12:52:29,12.875,1
2026-09-21,9D 96 87 A4,กรรณิการ์,20:48:50,20.814,2
2026-09-22,9D 96 87 A4,กรรณิการ์,07:54:54,7.915,1
2026-09-22,9D 96 87 A4,กรรณิการ์,20:47:36,20.793,2
2026-06-01,83 AA 59 1A,กิตติชัย,17:01:03,17.018,1
2026-06-02,83 AA 59 1A,กิตติชัย,10:56:36,10.943,1
2026-06-02,83 AA 59 1A,กิตติชัย,16:03:28,16.058,2
2026-06-02,83 AA 59 1A,กิตติชัย,16:58:39,16.978,3
2026-06-02,83 AA 59 1A,กิตติชัย,20:42:59,20.716,4
2026-06-03,83 AA 59 1A,กิตติชัย,07:02:52,7.048,1
2026-06-03,83 AA 59 1A,กิตติชัย,12:06:22,12.106,2
2026-06-03,83 AA 59 1A,กิตติชัย,13:01:01,13.017,3
2026-06-03,83 AA 59 1A,กิตติชัย,15:06:07,15.102,4
2026-06-03,83 AA 59 1A,กิตติชัย,15:58:09,15.969,5
2026-06-03,83 AA 59 1A,กิตติชัย,20:04:26,20.074,6
2026-06-04,83 AA 59 1A,กิตติชัย,07:04:20,7.072,1
2026-06-04,83 AA 59 1A,กิตติชัย,12:05:16,12.088,2
2026-06-04,83 AA 59 1A,กิตติชัย,13:01:37,13.027,3
2026-06-04,83 AA 59 1A,กิตติชัย,16:04:14,16.071,4
2026-06-04,83 AA 59 1A,กิตติชัย,17:00:46,17.013,5
2026-06-06,83 AA 59 1A,กิตติชัย,11:05:58,11.099,1
2026-06-06,83 AA 59 1A,กิตติชัย,15:02:19,15.039,2
2026-06-06,83 AA 59 1A,กิตติชัย,16:00:12,16.003,3
2026-06-06,83 AA 59 1A,กิตติชัย,20:48:19,20.805,4
2026-06-07,83 AA 59 1A,กิตติชัย,11:47:02,11.784,1
2026-06-07,83 AA 59 1A,กิตติชัย,15:01:41,15.028,2
2026-06-07,83 AA 59 1A,กิตติชัย,15:57:54,15.965,3
2026-06-07,83 AA 59 1A,กิตติชัย,20:42:43,20.712,4
2026-06-08,83 AA 59 1A,กิตติชัย,06:35:00,6.583,1
2026-06-08,83 AA 59 1A,กิตติชัย,13:03:20,13.056,2
2026-06-08,83 AA 59 1A,กิตติชัย,17:01:49,17.03,3
2026-06-09,83 AA 59 1A,กิตติชัย,11:03:49,11.064,1
2026-06-09,83 AA 59 1A,กิตติชัย,15:03:09,15.052,2
2026-06-09,83 AA 59 1A,กิตติชัย,15:58:42,15.978,3
2026-06-09,83 AA 59 1A,กิตติชัย,20:42:24,20.707,4
2026-06-10,83 AA 59 1A,กิตติชัย,07:42:42,7.712,1
2026-06-10,83 AA 59 1A,กิตติชัย,12:03:28,12.058,2
2026-06-10,83 AA 59 1A,กิตติชัย,13:00:21,13.006,3
2026-06-10,83 AA 59 1A,กิตติชัย,16:01:34,16.026,4
2026-06-10,83 AA 59 1A,กิตติชัย,17:00:51,17.014,5
2026-06-10,83 AA 59 1A,กิตติชัย,20:12:55,20.215,6
2026-06-11,83 AA 59 1A,กิตติชัย,07:01:10,7.019,1
2026-06-11,83 AA 59 1A,กิตติชัย,12:22:13,12.37,2
2026-06-11,83 AA 59 1A,กิตติชัย,13:02:45,13.046,3
2026-06-11,83 AA 59 1A,กิตติชัย,17:01:24,17.023,4
2026-06-12,83 AA 59 1A,กิตติชัย,06:37:03,6.618,1
2026-06-12,83 AA 59 1A,กิตติชัย,11:03:29,11.058,2
2026-06-12,83 AA 59 1A,กิตติชัย,12:01:18,12.022,3
2026-06-12,83 AA 59 1A,กิตติชัย,17:01:17,17.021,4
2026-06-14,83 AA 59 1A,กิตติชัย,11:38:49,11.647,1
2026-06-14,83 AA 59 1A,กิตติชัย,15:03:17,15.055,2
2026-06-14,83 AA 59 1A,กิตติชัย,15:58:53,15.981,3
2026-06-14,83 AA 59 1A,กิตติชัย,20:47:01,20.784,4
2026-06-15,83 AA 59 1A,กิตติชัย,06:33:11,6.553,1
2026-06-15,83 AA 59 1A,กิตติชัย,11:03:46,11.063,2
2026-06-15,83 AA 59 1A,กิตติชัย,12:01:05,12.018,3
2026-06-15,83 AA 59 1A,กิตติชัย,17:07:13,17.12,4
2026-06-16,83 AA 59 1A,กิตติชัย,11:03:53,11.065,1
2026-06-16,83 AA 59 1A,กิตติชัย,15:00:31,15.009,2
2026-06-16,83 AA 59 1A,กิตติชัย,15:59:09,15.986,3
2026-06-16,83 AA 59 1A,กิตติชัย,20:46:02,20.767,4
2026-06-17,83 AA 59 1A,กิตติชัย,07:03:10,7.053,1
2026-06-17,83 AA 59 1A,กิตติชัย,11:00:21,11.006,2
2026-06-17,83 AA 59 1A,กิตติชัย,12:00:27,12.008,3
2026-06-17,83 AA 59 1A,กิตติชัย,15:01:59,15.033,4
2026-06-17,83 AA 59 1A,กิตติชัย,15:56:31,15.942,5
2026-06-18,83 AA 59 1A,กิตติชัย,17:01:15,17.021,1
2026-06-20,83 AA 59 1A,กิตติชัย,14:01:14,14.021,1
2026-06-20,83 AA 59 1A,กิตติชัย,14:59:20,14.989,2
2026-06-20,83 AA 59 1A,กิตติชัย,20:46:00,20.767,3
2026-06-21,83 AA 59 1A,กิตติชัย,11:30:42,11.512,1
2026-06-21,83 AA 59 1A,กิตติชัย,15:02:49,15.047,2
2026-06-21,83 AA 59 1A,กิตติชัย,16:01:29,16.025,3
2026-06-21,83 AA 59 1A,กิตติชัย,20:46:12,20.77,4
2026-06-22,83 AA 59 1A,กิตติชัย,11:04:38,11.077,1
2026-06-22,83 AA 59 1A,กิตติชัย,15:00:38,15.011,2
2026-06-22,83 AA 59 1A,กิตติชัย,15:56:40,15.944,3
2026-06-22,83 AA 59 1A,กิตติชัย,20:44:00,20.733,4
2026-06-23,83 AA 59 1A,กิตติชัย,07:01:29,7.025,1
2026-06-23,83 AA 59 1A,กิตติชัย,11:01:25,11.024,2
2026-06-23,83 AA 59 1A,กิตติชัย,12:01:07,12.019,3
2026-06-23,83 AA 59 1A,กิตติชัย,16:03:37,16.06,4
2026-06-23,83 AA 59 1A,กิตติชัย,16:55:50,16.931,5
2026-06-23,83 AA 59 1A,กิตติชัย,20:02:21,20.039,6
2026-06-24,83 AA 59 1A,กิตติชัย,07:01:33,7.026,1
2026-06-24,83 AA 59 1A,กิตติชัย,12:03:06,12.052,2
2026-06-24,83 AA 59 1A,กิตติชัย,13:00:44,13.012,3
2026-06-24,83 AA 59 1A,กิตติชัย,16:00:40,16.011,4
2026-06-24,83 AA 59 1A,กิตติชัย,17:03:40,17.061,5
2026-06-24,83 AA 59 1A,กิตติชัย,20:51:28,20.858,6
2026-06-25,83 AA 59 1A,กิตติชัย,06:29:30,6.492,1
2026-06-25,83 AA 59 1A,กิตติชัย,11:06:27,11.108,2
2026-06-25,83 AA 59 1A,กิตติชัย,12:01:03,12.018,3
2026-06-25,83 AA 59 1A,กิตติชัย,17:01:15,17.021,4
2026-06-27,83 AA 59 1A,กิตติชัย,10:59:49,10.997,1
2026-06-27,83 AA 59 1A,กิตติชัย,15:03:24,15.057,2
2026-06-27,83 AA 59 1A,กิตติชัย,16:00:37,16.01,3
2026-06-27,83 AA 59 1A,กิตติชัย,20:43:21,20.722,4
2026-06-28,83 AA 59 1A,กิตติชัย,11:26:19,11.439,1
2026-06-28,83 AA 59 1A,กิตติชัย,14:00:30,14.008,2
2026-06-28,83 AA 59 1A,กิตติชัย,14:58:34,14.976,3
2026-06-28,83 AA 59 1A,กิตติชัย,20:42:02,20.701,4
2026-06-29,83 AA 59 1A,กิตติชัย,11:03:28,11.058,1
2026-06-29,83 AA 59 1A,กิตติชัย,16:01:07,16.019,2
2026-06-29,83 AA 59 1A,กิตติชัย,17:00:24,17.007,3
2026-06-29,83 AA 59 1A,กิตติชัย,20:42:09,20.702,4
2026-06-30,83 AA 59 1A,กิตติชัย,08:08:36,8.143,1
2026-06-30,83 AA 59 1A,กิตติชัย,12:03:27,12.058,2
2026-06-30,83 AA 59 1A,กิตติชัย,12:57:58,12.966,3
2026-06-30,83 AA 59 1A,กิตติชัย,16:02:27,16.041,4
2026-06-30,83 AA 59 1A,กิตติชัย,17:00:27,17.008,5
2026-06-30,83 AA 59 1A,กิตติชัย,20:03:54,20.065,6
2026-07-01,83 AA 59 1A,กิตติชัย,07:04:48,7.08,1
2026-07-01,83 AA 59 1A,กิตติชัย,12:04:38,12.077,2
2026-07-01,83 AA 59 1A,กิตติชัย,13:00:22,13.006,3
2026-07-01,83 AA 59 1A,กิตติชัย,16:09:29,16.158,4
2026-07-01,83 AA 59 1A,กิตติชัย,17:00:26,17.007,5
2026-07-02,83 AA 59 1A,กิตติชัย,07:08:21,7.139,1
2026-07-02,83 AA 59 1A,กิตติชัย,11:01:06,11.018,2
2026-07-02,83 AA 59 1A,กิตติชัย,12:00:16,12.004,3
2026-07-02,83 AA 59 1A,กิตติชัย,17:04:16,17.071,4
2026-07-04,83 AA 59 1A,กิตติชัย,11:39:14,11.654,1
2026-07-04,83 AA 59 1A,กิตติชัย,16:01:01,16.017,2
2026-07-04,83 AA 59 1A,กิตติชัย,20:47:27,20.791,3
2026-07-05,83 AA 59 1A,กิตติชัย,10:59:51,10.997,1
2026-07-06,83 AA 59 1A,กิตติชัย,08:55:43,8.929,1
2026-07-06,83 AA 59 1A,กิตติชัย,12:05:50,12.097,2
2026-07-06,83 AA 59 1A,กิตติชัย,13:01:28,13.024,3
2026-07-06,83 AA 59 1A,กิตติชัย,15:01:13,15.02,4
2026-07-06,83 AA 59 1A,กิตติชัย,16:00:14,16.004,5
2026-07-06,83 AA 59 1A,กิตติชัย,20:41:52,20.698,6
2026-07-07,83 AA 59 1A,กิตติชัย,07:10:05,7.168,1
2026-07-07,83 AA 59 1A,กิตติชัย,11:01:41,11.028,2
2026-07-07,83 AA 59 1A,กิตติชัย,12:02:12,12.037,3
2026-07-07,83 AA 59 1A,กิตติชัย,15:00:06,15.002,4
2026-07-07,83 AA 59 1A,กิตติชัย,16:00:35,16.01,5
2026-07-07,83 AA 59 1A,กิตติชัย,20:00:26,20.007,6
2026-07-08,83 AA 59 1A,กิตติชัย,07:06:13,7.104,1
2026-07-08,83 AA 59 1A,กิตติชัย,12:05:09,12.086,2
2026-07-08,83 AA 59 1A,กิตติชัย,13:01:37,13.027,3
2026-07-08,83 AA 59 1A,กิตติชัย,15:03:20,15.056,4
2026-07-08,83 AA 59 1A,กิตติชัย,15:59:45,15.996,5
2026-07-08,83 AA 59 1A,กิตติชัย,20:22:14,20.371,6
2026-07-09,83 AA 59 1A,กิตติชัย,06:30:09,6.502,1
2026-07-09,83 AA 59 1A,กิตติชัย,12:00:27,12.008,2
2026-07-09,83 AA 59 1A,กิตติชัย,17:01:49,17.03,3
2026-07-11,83 AA 59 1A,กิตติชัย,11:01:34,11.026,1
2026-07-11,83 AA 59 1A,กิตติชัย,15:00:17,15.005,2
2026-07-11,83 AA 59 1A,กิตติชัย,16:01:23,16.023,3
2026-07-11,83 AA 59 1A,กิตติชัย,20:42:04,20.701,4
2026-07-12,83 AA 59 1A,กิตติชัย,11:13:01,11.217,1
2026-07-12,83 AA 59 1A,กิตติชัย,15:00:21,15.006,2
2026-07-12,83 AA 59 1A,กิตติชัย,16:02:29,16.041,3
2026-07-12,83 AA 59 1A,กิตติชัย,20:43:08,20.719,4
2026-07-13,83 AA 59 1A,กิตติชัย,10:56:53,10.948,1
2026-07-13,83 AA 59 1A,กิตติชัย,14:59:45,14.996,2
2026-07-13,83 AA 59 1A,กิตติชัย,16:01:24,16.023,3
2026-07-13,83 AA 59 1A,กิตติชัย,20:49:22,20.823,4
2026-07-14,83 AA 59 1A,กิตติชัย,06:57:48,6.963,1
2026-07-14,83 AA 59 1A,กิตติชัย,11:06:45,11.112,2
2026-07-14,83 AA 59 1A,กิตติชัย,12:00:52,12.014,3
2026-07-14,83 AA 59 1A,กิตติชัย,16:01:36,16.027,4
2026-07-14,83 AA 59 1A,กิตติชัย,17:00:57,17.016,5
2026-07-14,83 AA 59 1A,กิตติชัย,20:01:26,20.024,6
2026-07-15,83 AA 59 1A,กิตติชัย,06:58:35,6.976,1
2026-07-15,83 AA 59 1A,กิตติชัย,12:03:10,12.053,2
2026-07-15,83 AA 59 1A,กิตติชัย,16:03:28,16.058,3
2026-07-15,83 AA 59 1A,กิตติชัย,17:02:03,17.034,4
2026-07-15,83 AA 59 1A,กิตติชัย,20:27:36,20.46,5
2026-07-16,83 AA 59 1A,กิตติชัย,06:29:19,6.489,1
2026-07-16,83 AA 59 1A,กิตติชัย,11:05:16,11.088,2
2026-07-16,83 AA 59 1A,กิตติชัย,11:57:30,11.958,3
2026-07-16,83 AA 59 1A,กิตติชัย,17:02:05,17.035,4
2026-07-18,83 AA 59 1A,กิตติชัย,11:04:30,11.075,1
2026-07-18,83 AA 59 1A,กิตติชัย,15:01:10,15.019,2
2026-07-18,83 AA 59 1A,กิตติชัย,16:00:54,16.015,3
2026-07-18,83 AA 59 1A,กิตติชัย,20:40:27,20.674,4
2026-07-19,83 AA 59 1A,กิตติชัย,07:02:15,7.038,1
2026-07-19,83 AA 59 1A,กิตติชัย,12:00:33,12.009,2
2026-07-19,83 AA 59 1A,กิตติชัย,15:02:28,15.041,3
2026-07-19,83 AA 59 1A,กิตติชัย,16:01:19,16.022,4
2026-07-19,83 AA 59 1A,กิตติชัย,20:02:02,20.034,5
2026-07-20,83 AA 59 1A,กิตติชัย,10:57:44,10.962,1
2026-07-20,83 AA 59 1A,กิตติชัย,17:00:26,17.007,2
2026-07-20,83 AA 59 1A,กิตติชัย,20:45:24,20.757,3
2026-07-21,83 AA 59 1A,กิตติชัย,11:03:06,11.052,1
2026-07-21,83 AA 59 1A,กิตติชัย,12:01:21,12.022,2
2026-07-21,83 AA 59 1A,กิตติชัย,16:01:42,16.028,3
2026-07-21,83 AA 59 1A,กิตติชัย,17:00:21,17.006,4
2026-07-21,83 AA 59 1A,กิตติชัย,19:59:14,19.987,5
2026-07-22,83 AA 59 1A,กิตติชัย,06:58:37,6.977,1
2026-07-22,83 AA 59 1A,กิตติชัย,12:01:59,12.033,2
2026-07-22,83 AA 59 1A,กิตติชัย,13:01:14,13.021,3
2026-07-22,83 AA 59 1A,กิตติชัย,16:03:14,16.054,4
2026-07-22,83 AA 59 1A,กิตติชัย,20:48:41,20.811,5
2026-07-23,83 AA 59 1A,กิตติชัย,06:31:58,6.533,1
2026-07-23,83 AA 59 1A,กิตติชัย,12:00:46,12.013,2
2026-07-23,83 AA 59 1A,กิตติชัย,13:00:57,13.016,3
2026-07-25,83 AA 59 1A,กิตติชัย,10:59:54,10.998,1
2026-07-25,83 AA 59 1A,กิตติชัย,15:01:42,15.028,2
2026-07-25,83 AA 59 1A,กิตติชัย,16:00:45,16.012,3
2026-07-25,83 AA 59 1A,กิตติชัย,20:46:11,20.77,4
2026-07-26,83 AA 59 1A,กิตติชัย,11:00:30,11.008,1
2026-07-26,83 AA 59 1A,กิตติชัย,15:00:31,15.009,2
2026-07-26,83 AA 59 1A,กิตติชัย,15:59:43,15.995,3
2026-07-26,83 AA 59 1A,กิตติชัย,20:46:11,20.77,4
2026-07-27,83 AA 59 1A,กิตติชัย,11:03:09,11.052,1
2026-07-27,83 AA 59 1A,กิตติชัย,15:00:06,15.002,2
2026-07-27,83 AA 59 1A,กิตติชัย,16:00:20,16.006,3
2026-07-27,83 AA 59 1A,กิตติชัย,20:41:47,20.696,4
2026-07-28,83 AA 59 1A,กิตติชัย,07:03:12,7.053,1
2026-07-28,83 AA 59 1A,กิตติชัย,12:02:17,12.038,2
2026-07-28,83 AA 59 1A,กิตติชัย,13:00:56,13.016,3
2026-07-28,83 AA 59 1A,กิตติชัย,16:04:05,16.068,4
2026-07-28,83 AA 59 1A,กิตติชัย,16:59:01,16.984,5
2026-07-28,83 AA 59 1A,กิตติชัย,20:01:53,20.031,6
2026-07-29,83 AA 59 1A,กิตติชัย,07:01:24,7.023,1
2026-07-29,83 AA 59 1A,กิตติชัย,12:04:25,12.074,2
2026-07-29,83 AA 59 1A,กิตติชัย,13:01:18,13.022,3
2026-07-29,83 AA 59 1A,กิตติชัย,15:02:22,15.039,4
2026-07-29,83 AA 59 1A,กิตติชัย,16:01:17,16.021,5
2026-07-29,83 AA 59 1A,กิตติชัย,20:47:23,20.79,6
2026-07-30,83 AA 59 1A,กิตติชัย,12:01:00,12.017,1
2026-07-30,83 AA 59 1A,กิตติชัย,17:07:17,17.121,2
2026-08-01,83 AA 59 1A,กิตติชัย,11:06:08,11.102,1
2026-08-01,83 AA 59 1A,กิตติชัย,15:01:29,15.025,2
2026-08-01,83 AA 59 1A,กิตติชัย,15:59:59,16.0,3
2026-08-01,83 AA 59 1A,กิตติชัย,20:46:22,20.773,4
2026-08-02,83 AA 59 1A,กิตติชัย,11:35:41,11.595,1
2026-08-02,83 AA 59 1A,กิตติชัย,15:02:43,15.045,2
2026-08-02,83 AA 59 1A,กิตติชัย,16:00:25,16.007,3
2026-08-02,83 AA 59 1A,กิตติชัย,20:43:46,20.729,4
2026-08-03,83 AA 59 1A,กิตติชัย,11:05:55,11.099,1
2026-08-03,83 AA 59 1A,กิตติชัย,15:03:44,15.062,2
2026-08-03,83 AA 59 1A,กิตติชัย,16:00:18,16.005,3
2026-08-03,83 AA 59 1A,กิตติชัย,20:43:58,20.733,4
2026-08-04,83 AA 59 1A,กิตติชัย,07:00:57,7.016,1
2026-08-04,83 AA 59 1A,กิตติชัย,12:06:04,12.101,2
2026-08-04,83 AA 59 1A,กิตติชัย,13:00:13,13.004,3
2026-08-04,83 AA 59 1A,กิตติชัย,16:04:36,16.077,4
2026-08-04,83 AA 59 1A,กิตติชัย,17:00:38,17.011,5
2026-08-04,83 AA 59 1A,กิตติชัย,20:00:34,20.009,6
2026-08-05,83 AA 59 1A,กิตติชัย,07:06:54,7.115,1
2026-08-05,83 AA 59 1A,กิตติชัย,12:04:17,12.071,2
2026-08-05,83 AA 59 1A,กิตติชัย,12:59:19,12.989,3
2026-08-05,83 AA 59 1A,กิตติชัย,16:05:55,16.099,4
2026-08-05,83 AA 59 1A,กิตติชัย,16:54:32,16.909,5
2026-08-05,83 AA 59 1A,กิตติชัย,20:21:51,20.364,6
2026-08-06,83 AA 59 1A,กิตติชัย,06:31:54,6.532,1
2026-08-06,83 AA 59 1A,กิตติชัย,11:01:29,11.025,2
2026-08-06,83 AA 59 1A,กิตติชัย,11:59:06,11.985,3
2026-08-06,83 AA 59 1A,กิตติชัย,17:04:03,17.068,4
2026-08-08,83 AA 59 1A,กิตติชัย,10:58:54,10.982,1
2026-08-08,83 AA 59 1A,กิตติชัย,15:00:07,15.002,2
2026-08-08,83 AA 59 1A,กิตติชัย,16:00:32,16.009,3
2026-08-08,83 AA 59 1A,กิตติชัย,20:41:41,20.695,4
2026-08-09,83 AA 59 1A,กิตติชัย,10:54:15,10.904,1
2026-08-09,83 AA 59 1A,กิตติชัย,15:03:07,15.052,2
2026-08-09,83 AA 59 1A,กิตติชัย,15:57:07,15.952,3
2026-08-09,83 AA 59 1A,กิตติชัย,20:43:59,20.733,4
2026-08-10,83 AA 59 1A,กิตติชัย,11:00:01,11.0,1
2026-08-10,83 AA 59 1A,กิตติชัย,15:00:10,15.003,2
2026-08-10,83 AA 59 1A,กิตติชัย,15:58:55,15.982,3
2026-08-10,83 AA 59 1A,กิตติชัย,20:46:27,20.774,4
2026-08-11,83 AA 59 1A,กิตติชัย,11:00:19,11.005,1
2026-08-11,83 AA 59 1A,กิตติชัย,12:01:32,12.026,2
2026-08-11,83 AA 59 1A,กิตติชัย,16:05:25,16.09,3
2026-08-11,83 AA 59 1A,กิตติชัย,17:02:06,17.035,4
2026-08-11,83 AA 59 1A,กิตติชัย,20:00:30,20.008,5
2026-08-13,83 AA 59 1A,กิตติชัย,12:58:38,12.977,1
2026-08-13,83 AA 59 1A,กิตติชัย,16:13:44,16.229,2
2026-08-13,83 AA 59 1A,กิตติชัย,16:57:23,16.956,3
2026-08-13,83 AA 59 1A,กิตติชัย,20:02:46,20.046,4
2026-08-15,83 AA 59 1A,กิตติชัย,10:57:10,10.953,1
2026-08-15,83 AA 59 1A,กิตติชัย,15:03:30,15.058,2
2026-08-15,83 AA 59 1A,กิตติชัย,16:02:16,16.038,3
2026-08-15,83 AA 59 1A,กิตติชัย,20:41:07,20.685,4
2026-08-16,83 AA 59 1A,กิตติชัย,11:28:14,11.471,1
2026-08-16,83 AA 59 1A,กิตติชัย,20:45:04,20.751,2
2026-08-17,83 AA 59 1A,กิตติชัย,11:01:33,11.026,1
2026-08-17,83 AA 59 1A,กิตติชัย,15:01:26,15.024,2
2026-08-17,83 AA 59 1A,กิตติชัย,15:58:10,15.969,3
2026-08-18,83 AA 59 1A,กิตติชัย,20:00:30,20.008,1
2026-08-19,83 AA 59 1A,กิตติชัย,08:05:11,8.086,1
2026-08-19,83 AA 59 1A,กิตติชัย,11:00:34,11.009,2
2026-08-19,83 AA 59 1A,กิตติชัย,12:01:22,12.023,3
2026-08-19,83 AA 59 1A,กิตติชัย,17:01:34,17.026,4
2026-08-20,83 AA 59 1A,กิตติชัย,12:59:30,12.992,1
2026-08-22,83 AA 59 1A,กิตติชัย,11:04:00,11.067,1
2026-08-22,83 AA 59 1A,กิตติชัย,20:42:05,20.701,2
2026-08-23,83 AA 59 1A,กิตติชัย,10:52:41,10.878,1
2026-08-23,83 AA 59 1A,กิตติชัย,20:00:31,20.009,2
2026-08-24,83 AA 59 1A,กิตติชัย,07:05:15,7.087,1
2026-08-26,83 AA 59 1A,กิตติชัย,20:00:05,20.001,1
2026-08-27,83 AA 59 1A,กิตติชัย,07:07:41,7.128,1
2026-08-27,83 AA 59 1A,กิตติชัย,20:01:22,20.023,2
2026-08-29,83 AA 59 1A,กิตติชัย,11:02:59,11.05,1
2026-08-29,83 AA 59 1A,กิตติชัย,20:42:14,20.704,2
2026-08-30,83 AA 59 1A,กิตติชัย,11:04:54,11.082,1
2026-08-31,83 AA 59 1A,กิตติชัย,11:06:41,11.111,1
2026-08-31,83 AA 59 1A,กิตติชัย,20:39:50,20.664,2
2026-09-01,83 AA 59 1A,กิตติชัย,07:41:37,7.694,1
2026-09-01,83 AA 59 1A,กิตติชัย,19:59:31,19.992,2
2026-09-02,83 AA 59 1A,กิตติชัย,07:11:56,7.199,1
2026-09-02,83 AA 59 1A,กิตติชัย,20:02:05,20.035,2
2026-09-03,83 AA 59 1A,กิตติชัย,07:03:34,7.059,1
2026-09-03,83 AA 59 1A,กิตติชัย,16:59:35,16.993,2
2026-09-05,83 AA 59 1A,กิตติชัย,20:41:36,20.693,1
2026-09-06,83 AA 59 1A,กิตติชัย,12:21:04,12.351,1
2026-09-06,83 AA 59 1A,กิตติชัย,20:44:39,20.744,2
2026-09-07,83 AA 59 1A,กิตติชัย,11:02:35,11.043,1
2026-09-07,83 AA 59 1A,กิตติชัย,20:41:06,20.685,2
2026-09-08,83 AA 59 1A,กิตติชัย,07:01:45,7.029,1
2026-09-09,83 AA 59 1A,กิตติชัย,10:57:54,10.965,1
2026-09-09,83 AA 59 1A,กิตติชัย,20:41:32,20.692,2
2026-09-10,83 AA 59 1A,กิตติชัย,08:04:22,8.073,1
2026-09-12,83 AA 59 1A,กิตติชัย,11:03:07,11.052,1
2026-09-12,83 AA 59 1A,กิตติชัย,20:43:24,20.723,2
2026-09-14,83 AA 59 1A,กิตติชัย,11:01:45,11.029,1
2026-09-14,83 AA 59 1A,กิตติชัย,20:46:43,20.779,2
2026-09-15,83 AA 59 1A,กิตติชัย,07:05:07,7.085,1
2026-09-15,83 AA 59 1A,กิตติชัย,20:01:31,20.025,2
2026-09-16,83 AA 59 1A,กิตติชัย,07:06:50,7.114,1
2026-09-17,83 AA 59 1A,กิตติชัย,20:40:20,20.672,1
2026-09-19,83 AA 59 1A,กิตติชัย,16:14:00,16.233,1
2026-09-19,83 AA 59 1A,กิตติชัย,20:39:44,20.662,2
2026-09-20,83 AA 59 1A,กิตติชัย,16:03:22,16.056,1
2026-09-20,83 AA 59 1A,กิตติชัย,20:40:55,20.682,2
2026-09-21,83 AA 59 1A,กิตติชัย,11:02:02,11.034,1
2026-09-21,83 AA 59 1A,กิตติชัย,20:41:32,20.692,2
2026-09-22,83 AA 59 1A,กิตติชัย,07:08:44,7.146,1
2026-09-22,83 AA 59 1A,กิตติชัย,20:02:19,20.039,2
2026-09-23,83 AA 59 1A,กิตติชัย,07:14:23,7.24,1
2026-09-23,83 AA 59 1A,กิตติชัย,15:06:18,15.105,2
2026-09-23,83 AA 59 1A,กิตติชัย,16:00:17,16.005,3
2026-09-23,83 AA 59 1A,กิตติชัย,20:00:51,20.014,4
2026-09-24,83 AA 59 1A,กิตติชัย,07:09:41,7.161,1
2026-06-01,63 EB 71 1A,คำแปง,20:45:40,20.761,1
2026-06-01,63 EB 71 1A,คำแปง,20:50:45,20.846,2
2026-06-03,63 EB 71 1A,คำแปง,10:27:17,10.455,1
2026-06-03,63 EB 71 1A,คำแปง,16:01:03,16.017,2
2026-06-03,63 EB 71 1A,คำแปง,16:56:33,16.942,3
2026-06-03,63 EB 71 1A,คำแปง,20:48:21,20.806,4
2026-06-04,63 EB 71 1A,คำแปง,10:40:05,10.668,1
2026-06-04,63 EB 71 1A,คำแปง,15:01:37,15.027,2
2026-06-04,63 EB 71 1A,คำแปง,15:59:25,15.99,3
2026-06-05,63 EB 71 1A,คำแปง,16:53:44,16.896,1
2026-06-05,63 EB 71 1A,คำแปง,20:52:04,20.868,2
2026-06-06,63 EB 71 1A,คำแปง,06:36:01,6.6,1
2026-06-06,63 EB 71 1A,คำแปง,12:01:50,12.031,2
2026-06-06,63 EB 71 1A,คำแปง,12:57:53,12.965,3
2026-06-06,63 EB 71 1A,คำแปง,16:02:04,16.034,4
2026-06-06,63 EB 71 1A,คำแปง,16:54:53,16.915,5
2026-06-06,63 EB 71 1A,คำแปง,20:53:10,20.886,6
2026-06-07,63 EB 71 1A,คำแปง,06:50:01,6.834,1
2026-06-07,63 EB 71 1A,คำแปง,12:03:04,12.051,2
2026-06-07,63 EB 71 1A,คำแปง,12:58:58,12.983,3
2026-06-07,63 EB 71 1A,คำแปง,16:05:19,16.089,4
2026-06-07,63 EB 71 1A,คำแปง,16:55:56,16.932,5
2026-06-07,63 EB 71 1A,คำแปง,20:14:20,20.239,6
2026-06-08,63 EB 71 1A,คำแปง,10:48:11,10.803,1
2026-06-08,63 EB 71 1A,คำแปง,16:01:12,16.02,2
2026-06-08,63 EB 71 1A,คำแปง,17:02:02,17.034,3
2026-06-08,63 EB 71 1A,คำแปง,20:49:02,20.817,4
2026-06-10,63 EB 71 1A,คำแปง,10:43:19,10.722,1
2026-06-10,63 EB 71 1A,คำแปง,15:02:58,15.049,2
2026-06-10,63 EB 71 1A,คำแปง,16:01:49,16.03,3
2026-06-10,63 EB 71 1A,คำแปง,20:51:05,20.851,4
2026-06-11,63 EB 71 1A,คำแปง,10:36:46,10.613,1
2026-06-11,63 EB 71 1A,คำแปง,15:01:46,15.029,2
2026-06-11,63 EB 71 1A,คำแปง,15:55:16,15.921,3
2026-06-11,63 EB 71 1A,คำแปง,20:51:43,20.862,4
2026-06-12,63 EB 71 1A,คำแปง,10:42:38,10.711,1
2026-06-12,63 EB 71 1A,คำแปง,16:00:56,16.016,2
2026-06-12,63 EB 71 1A,คำแปง,16:54:54,16.915,3
2026-06-12,63 EB 71 1A,คำแปง,20:54:55,20.915,4
2026-06-13,63 EB 71 1A,คำแปง,06:43:25,6.724,1
2026-06-13,63 EB 71 1A,คำแปง,12:03:40,12.061,2
2026-06-13,63 EB 71 1A,คำแปง,13:07:08,13.119,3
2026-06-13,63 EB 71 1A,คำแปง,16:01:35,16.026,4
2026-06-13,63 EB 71 1A,คำแปง,17:01:07,17.019,5
2026-06-13,63 EB 71 1A,คำแปง,20:46:20,20.772,6
2026-06-14,63 EB 71 1A,คำแปง,06:45:00,6.75,1
2026-06-14,63 EB 71 1A,คำแปง,12:03:59,12.066,2
2026-06-14,63 EB 71 1A,คำแปง,13:01:50,13.031,3
2026-06-14,63 EB 71 1A,คำแปง,16:02:55,16.049,4
2026-06-14,63 EB 71 1A,คำแปง,16:53:04,16.884,5
2026-06-14,63 EB 71 1A,คำแปง,20:02:57,20.049,6
2026-06-15,63 EB 71 1A,คำแปง,10:40:02,10.667,1
2026-06-15,63 EB 71 1A,คำแปง,16:01:03,16.017,2
2026-06-15,63 EB 71 1A,คำแปง,16:56:24,16.94,3
2026-06-15,63 EB 71 1A,คำแปง,20:52:20,20.872,4
2026-06-16,63 EB 71 1A,คำแปง,07:24:33,7.409,1
2026-06-16,63 EB 71 1A,คำแปง,11:02:10,11.036,2
2026-06-16,63 EB 71 1A,คำแปง,11:57:58,11.966,3
2026-06-16,63 EB 71 1A,คำแปง,15:03:24,15.057,4
2026-06-16,63 EB 71 1A,คำแปง,16:00:35,16.01,5
2026-06-16,63 EB 71 1A,คำแปง,20:07:49,20.13,6
2026-06-17,63 EB 71 1A,คำแปง,10:42:04,10.701,1
2026-06-17,63 EB 71 1A,คำแปง,15:03:34,15.059,2
2026-06-17,63 EB 71 1A,คำแปง,16:01:06,16.018,3
2026-06-19,63 EB 71 1A,คำแปง,10:42:26,10.707,1
2026-06-19,63 EB 71 1A,คำแปง,16:03:49,16.064,2
2026-06-19,63 EB 71 1A,คำแปง,16:53:46,16.896,3
2026-06-19,63 EB 71 1A,คำแปง,20:43:16,20.721,4
2026-06-20,63 EB 71 1A,คำแปง,06:48:27,6.808,1
2026-06-20,63 EB 71 1A,คำแปง,15:02:52,15.048,2
2026-06-20,63 EB 71 1A,คำแปง,16:01:52,16.031,3
2026-06-20,63 EB 71 1A,คำแปง,20:48:33,20.809,4
2026-06-21,63 EB 71 1A,คำแปง,06:42:53,6.715,1
2026-06-21,63 EB 71 1A,คำแปง,12:01:20,12.022,2
2026-06-21,63 EB 71 1A,คำแปง,13:03:28,13.058,3
2026-06-21,63 EB 71 1A,คำแปง,16:02:06,16.035,4
2026-06-21,63 EB 71 1A,คำแปง,16:56:48,16.947,5
2026-06-21,63 EB 71 1A,คำแปง,20:47:38,20.794,6
2026-06-22,63 EB 71 1A,คำแปง,10:48:38,10.811,1
2026-06-22,63 EB 71 1A,คำแปง,15:01:33,15.026,2
2026-06-22,63 EB 71 1A,คำแปง,15:56:31,15.942,3
2026-06-22,63 EB 71 1A,คำแปง,20:44:41,20.745,4
2026-06-24,63 EB 71 1A,คำแปง,10:41:19,10.689,1
2026-06-24,63 EB 71 1A,คำแปง,15:00:50,15.014,2
2026-06-24,63 EB 71 1A,คำแปง,16:00:29,16.008,3
2026-06-24,63 EB 71 1A,คำแปง,20:48:29,20.808,4
2026-06-25,63 EB 71 1A,คำแปง,10:46:41,10.778,1
2026-06-25,63 EB 71 1A,คำแปง,15:03:47,15.063,2
2026-06-25,63 EB 71 1A,คำแปง,15:58:27,15.974,3
2026-06-25,63 EB 71 1A,คำแปง,20:44:50,20.747,4
2026-06-26,63 EB 71 1A,คำแปง,10:43:11,10.72,1
2026-06-26,63 EB 71 1A,คำแปง,15:00:44,15.012,2
2026-06-26,63 EB 71 1A,คำแปง,15:55:08,15.919,3
2026-06-26,63 EB 71 1A,คำแปง,20:49:10,20.819,4
2026-06-27,63 EB 71 1A,คำแปง,06:45:51,6.764,1
2026-06-27,63 EB 71 1A,คำแปง,11:00:23,11.006,2
2026-06-27,63 EB 71 1A,คำแปง,12:02:48,12.047,3
2026-06-27,63 EB 71 1A,คำแปง,16:02:47,16.046,4
2026-06-27,63 EB 71 1A,คำแปง,16:56:38,16.944,5
2026-06-27,63 EB 71 1A,คำแปง,20:45:26,20.757,6
2026-06-28,63 EB 71 1A,คำแปง,06:50:39,6.844,1
2026-06-28,63 EB 71 1A,คำแปง,12:03:21,12.056,2
2026-06-28,63 EB 71 1A,คำแปง,12:57:45,12.962,3
2026-06-28,63 EB 71 1A,คำแปง,15:02:24,15.04,4
2026-06-28,63 EB 71 1A,คำแปง,15:53:34,15.893,5
2026-06-28,63 EB 71 1A,คำแปง,20:01:10,20.019,6
2026-06-29,63 EB 71 1A,คำแปง,10:41:29,10.691,1
2026-06-29,63 EB 71 1A,คำแปง,15:00:31,15.009,2
2026-06-29,63 EB 71 1A,คำแปง,15:52:17,15.871,3
2026-06-29,63 EB 71 1A,คำแปง,20:46:47,20.78,4
2026-07-01,63 EB 71 1A,คำแปง,10:38:02,10.634,1
2026-07-01,63 EB 71 1A,คำแปง,14:57:49,14.964,2
2026-07-01,63 EB 71 1A,คำแปง,16:01:46,16.029,3
2026-07-01,63 EB 71 1A,คำแปง,20:52:32,20.876,4
2026-07-02,63 EB 71 1A,คำแปง,10:50:39,10.844,1
2026-07-02,63 EB 71 1A,คำแปง,15:00:50,15.014,2
2026-07-02,63 EB 71 1A,คำแปง,15:59:46,15.996,3
2026-07-02,63 EB 71 1A,คำแปง,20:46:08,20.769,4
2026-07-03,63 EB 71 1A,คำแปง,10:46:43,10.779,1
2026-07-03,63 EB 71 1A,คำแปง,15:00:05,15.001,2
2026-07-03,63 EB 71 1A,คำแปง,15:58:53,15.981,3
2026-07-03,63 EB 71 1A,คำแปง,20:44:13,20.737,4
2026-07-04,63 EB 71 1A,คำแปง,06:49:36,6.827,1
2026-07-04,63 EB 71 1A,คำแปง,12:01:17,12.021,2
2026-07-04,63 EB 71 1A,คำแปง,13:01:33,13.026,3
2026-07-04,63 EB 71 1A,คำแปง,15:09:14,15.154,4
2026-07-04,63 EB 71 1A,คำแปง,16:01:20,16.022,5
2026-07-04,63 EB 71 1A,คำแปง,20:52:33,20.876,6
2026-07-05,63 EB 71 1A,คำแปง,06:48:55,6.815,1
2026-07-05,63 EB 71 1A,คำแปง,11:02:02,11.034,2
2026-07-05,63 EB 71 1A,คำแปง,11:58:43,11.979,3
2026-07-06,63 EB 71 1A,คำแปง,10:42:51,10.714,1
2026-07-06,63 EB 71 1A,คำแปง,15:01:22,15.023,2
2026-07-06,63 EB 71 1A,คำแปง,15:55:59,15.933,3
2026-07-06,63 EB 71 1A,คำแปง,20:47:29,20.791,4
2026-07-08,63 EB 71 1A,คำแปง,10:41:24,10.69,1
2026-07-08,63 EB 71 1A,คำแปง,15:03:01,15.05,2
2026-07-08,63 EB 71 1A,คำแปง,15:58:47,15.98,3
2026-07-08,63 EB 71 1A,คำแปง,20:47:20,20.789,4
2026-07-09,63 EB 71 1A,คำแปง,10:37:45,10.629,1
2026-07-09,63 EB 71 1A,คำแปง,15:01:40,15.028,2
2026-07-09,63 EB 71 1A,คำแปง,15:51:01,15.85,3
2026-07-09,63 EB 71 1A,คำแปง,20:45:22,20.756,4
2026-07-10,63 EB 71 1A,คำแปง,10:46:30,10.775,1
2026-07-10,63 EB 71 1A,คำแปง,15:00:53,15.015,2
2026-07-10,63 EB 71 1A,คำแปง,15:53:37,15.894,3
2026-07-10,63 EB 71 1A,คำแปง,20:46:55,20.782,4
2026-07-11,63 EB 71 1A,คำแปง,06:53:33,6.892,1
2026-07-11,63 EB 71 1A,คำแปง,12:02:59,12.05,2
2026-07-11,63 EB 71 1A,คำแปง,12:57:44,12.962,3
2026-07-11,63 EB 71 1A,คำแปง,16:01:33,16.026,4
2026-07-11,63 EB 71 1A,คำแปง,16:54:28,16.908,5
2026-07-11,63 EB 71 1A,คำแปง,20:44:45,20.746,6
2026-07-12,63 EB 71 1A,คำแปง,06:43:25,6.724,1
2026-07-12,63 EB 71 1A,คำแปง,12:00:13,12.004,2
2026-07-12,63 EB 71 1A,คำแปง,12:56:20,12.939,3
2026-07-12,63 EB 71 1A,คำแปง,15:01:16,15.021,4
2026-07-12,63 EB 71 1A,คำแปง,16:00:33,16.009,5
2026-07-12,63 EB 71 1A,คำแปง,20:45:28,20.758,6
2026-07-13,63 EB 71 1A,คำแปง,10:58:08,10.969,1
2026-07-13,63 EB 71 1A,คำแปง,14:59:54,14.998,2
2026-07-13,63 EB 71 1A,คำแปง,20:45:53,20.765,3
2026-07-15,63 EB 71 1A,คำแปง,10:46:59,10.783,1
2026-07-15,63 EB 71 1A,คำแปง,15:00:57,15.016,2
2026-07-15,63 EB 71 1A,คำแปง,20:42:57,20.716,3
2026-07-16,63 EB 71 1A,คำแปง,10:45:37,10.76,1
2026-07-16,63 EB 71 1A,คำแปง,15:01:35,15.026,2
2026-07-16,63 EB 71 1A,คำแปง,20:42:55,20.715,3
2026-07-17,63 EB 71 1A,คำแปง,10:53:37,10.894,1
2026-07-17,63 EB 71 1A,คำแปง,15:01:43,15.029,2
2026-07-17,63 EB 71 1A,คำแปง,15:59:55,15.999,3
2026-07-17,63 EB 71 1A,คำแปง,20:43:29,20.725,4
2026-07-18,63 EB 71 1A,คำแปง,06:46:42,6.778,1
2026-07-18,63 EB 71 1A,คำแปง,12:06:17,12.105,2
2026-07-18,63 EB 71 1A,คำแปง,13:00:46,13.013,3
2026-07-18,63 EB 71 1A,คำแปง,15:04:41,15.078,4
2026-07-18,63 EB 71 1A,คำแปง,16:00:38,16.011,5
2026-07-18,63 EB 71 1A,คำแปง,20:44:16,20.738,6
2026-07-19,63 EB 71 1A,คำแปง,06:53:57,6.899,1
2026-07-19,63 EB 71 1A,คำแปง,11:03:14,11.054,2
2026-07-19,63 EB 71 1A,คำแปง,11:53:32,11.892,3
2026-07-19,63 EB 71 1A,คำแปง,15:01:04,15.018,4
2026-07-19,63 EB 71 1A,คำแปง,15:59:42,15.995,5
2026-07-19,63 EB 71 1A,คำแปง,20:47:02,20.784,6
2026-07-20,63 EB 71 1A,คำแปง,11:01:07,11.019,1
2026-07-20,63 EB 71 1A,คำแปง,15:03:11,15.053,2
2026-07-20,63 EB 71 1A,คำแปง,16:00:06,16.002,3
2026-07-20,63 EB 71 1A,คำแปง,20:46:48,20.78,4
2026-07-22,63 EB 71 1A,คำแปง,10:43:53,10.731,1
2026-07-22,63 EB 71 1A,คำแปง,15:00:27,15.008,2
2026-07-22,63 EB 71 1A,คำแปง,15:54:43,15.912,3
2026-07-22,63 EB 71 1A,คำแปง,20:53:50,20.897,4
2026-07-23,63 EB 71 1A,คำแปง,10:50:19,10.839,1
2026-07-23,63 EB 71 1A,คำแปง,15:02:56,15.049,2
2026-07-23,63 EB 71 1A,คำแปง,15:55:39,15.928,3
2026-07-23,63 EB 71 1A,คำแปง,20:42:56,20.716,4
2026-07-24,63 EB 71 1A,คำแปง,10:52:56,10.882,1
2026-07-24,63 EB 71 1A,คำแปง,16:00:58,16.016,2
2026-07-24,63 EB 71 1A,คำแปง,16:49:40,16.828,3
2026-07-24,63 EB 71 1A,คำแปง,20:03:49,20.064,4
2026-07-25,63 EB 71 1A,คำแปง,06:49:15,6.821,1
2026-07-25,63 EB 71 1A,คำแปง,11:01:14,11.021,2
2026-07-25,63 EB 71 1A,คำแปง,11:56:46,11.946,3
2026-07-25,63 EB 71 1A,คำแปง,20:46:57,20.782,4
2026-07-26,63 EB 71 1A,คำแปง,06:53:54,6.898,1
2026-07-26,63 EB 71 1A,คำแปง,12:01:08,12.019,2
2026-07-26,63 EB 71 1A,คำแปง,12:51:45,12.862,3
2026-07-26,63 EB 71 1A,คำแปง,15:00:15,15.004,4
2026-07-26,63 EB 71 1A,คำแปง,16:01:24,16.023,5
2026-07-26,63 EB 71 1A,คำแปง,20:47:25,20.79,6
2026-07-27,63 EB 71 1A,คำแปง,10:47:58,10.799,1
2026-07-27,63 EB 71 1A,คำแปง,16:01:46,16.029,2
2026-07-27,63 EB 71 1A,คำแปง,16:52:42,16.878,3
2026-07-27,63 EB 71 1A,คำแปง,20:42:52,20.714,4
2026-07-29,63 EB 71 1A,คำแปง,10:52:57,10.882,1
2026-07-29,63 EB 71 1A,คำแปง,15:00:33,15.009,2
2026-07-29,63 EB 71 1A,คำแปง,15:57:07,15.952,3
2026-07-29,63 EB 71 1A,คำแปง,20:49:34,20.826,4
2026-07-30,63 EB 71 1A,คำแปง,10:49:55,10.832,1
2026-07-30,63 EB 71 1A,คำแปง,16:01:08,16.019,2
2026-07-30,63 EB 71 1A,คำแปง,16:57:19,16.955,3
2026-07-30,63 EB 71 1A,คำแปง,20:42:01,20.7,4
2026-07-31,63 EB 71 1A,คำแปง,10:45:35,10.76,1
2026-07-31,63 EB 71 1A,คำแปง,15:01:07,15.019,2
2026-07-31,63 EB 71 1A,คำแปง,16:00:10,16.003,3
2026-07-31,63 EB 71 1A,คำแปง,20:45:47,20.763,4
2026-08-01,63 EB 71 1A,คำแปง,06:54:20,6.906,1
2026-08-01,63 EB 71 1A,คำแปง,07:01:52,7.031,2
2026-08-01,63 EB 71 1A,คำแปง,12:03:22,12.056,3
2026-08-01,63 EB 71 1A,คำแปง,13:00:09,13.002,4
2026-08-01,63 EB 71 1A,คำแปง,16:02:51,16.048,5
2026-08-01,63 EB 71 1A,คำแปง,16:52:25,16.874,6
2026-08-01,63 EB 71 1A,คำแปง,20:49:17,20.821,7
2026-08-02,63 EB 71 1A,คำแปง,06:57:14,6.954,1
2026-08-02,63 EB 71 1A,คำแปง,12:58:58,12.983,2
2026-08-02,63 EB 71 1A,คำแปง,16:02:42,16.045,3
2026-08-02,63 EB 71 1A,คำแปง,16:55:00,16.917,4
2026-08-02,63 EB 71 1A,คำแปง,20:44:16,20.738,5
2026-08-03,63 EB 71 1A,คำแปง,10:47:53,10.798,1
2026-08-03,63 EB 71 1A,คำแปง,15:04:27,15.074,2
2026-08-03,63 EB 71 1A,คำแปง,15:57:43,15.962,3
2026-08-03,63 EB 71 1A,คำแปง,20:45:33,20.759,4
2026-08-05,63 EB 71 1A,คำแปง,10:54:59,10.916,1
2026-08-05,63 EB 71 1A,คำแปง,15:01:35,15.026,2
2026-08-05,63 EB 71 1A,คำแปง,15:51:58,15.866,3
2026-08-05,63 EB 71 1A,คำแปง,20:04:14,20.071,4
2026-08-07,63 EB 71 1A,คำแปง,10:49:18,10.822,1
2026-08-07,63 EB 71 1A,คำแปง,15:00:47,15.013,2
2026-08-07,63 EB 71 1A,คำแปง,15:50:41,15.845,3
2026-08-07,63 EB 71 1A,คำแปง,20:46:13,20.77,4
2026-08-08,63 EB 71 1A,คำแปง,06:45:30,6.758,1
2026-08-08,63 EB 71 1A,คำแปง,12:01:24,12.023,2
2026-08-08,63 EB 71 1A,คำแปง,12:52:08,12.869,3
2026-08-08,63 EB 71 1A,คำแปง,16:00:40,16.011,4
2026-08-08,63 EB 71 1A,คำแปง,16:53:49,16.897,5
2026-08-08,63 EB 71 1A,คำแปง,20:01:39,20.028,6
2026-08-09,63 EB 71 1A,คำแปง,06:42:50,6.714,1
2026-08-09,63 EB 71 1A,คำแปง,12:00:47,12.013,2
2026-08-09,63 EB 71 1A,คำแปง,12:54:26,12.907,3
2026-08-09,63 EB 71 1A,คำแปง,15:03:41,15.061,4
2026-08-09,63 EB 71 1A,คำแปง,15:51:04,15.851,5
2026-08-09,63 EB 71 1A,คำแปง,20:06:13,20.104,6
2026-08-10,63 EB 71 1A,คำแปง,10:49:15,10.821,1
2026-08-10,63 EB 71 1A,คำแปง,15:00:34,15.009,2
2026-08-10,63 EB 71 1A,คำแปง,15:57:12,15.953,3
2026-08-10,63 EB 71 1A,คำแปง,20:44:58,20.749,4
2026-08-13,63 EB 71 1A,คำแปง,10:48:27,10.808,1
2026-08-13,63 EB 71 1A,คำแปง,15:00:09,15.002,2
2026-08-13,63 EB 71 1A,คำแปง,15:55:41,15.928,3
2026-08-13,63 EB 71 1A,คำแปง,20:42:03,20.701,4
2026-08-14,63 EB 71 1A,คำแปง,10:47:39,10.794,1
2026-08-14,63 EB 71 1A,คำแปง,15:00:03,15.001,2
2026-08-14,63 EB 71 1A,คำแปง,15:57:57,15.966,3
2026-08-14,63 EB 71 1A,คำแปง,20:44:32,20.742,4
2026-08-15,63 EB 71 1A,คำแปง,06:47:02,6.784,1
2026-08-15,63 EB 71 1A,คำแปง,12:02:08,12.036,2
2026-08-15,63 EB 71 1A,คำแปง,15:05:20,15.089,3
2026-08-15,63 EB 71 1A,คำแปง,20:03:53,20.065,4
2026-08-16,63 EB 71 1A,คำแปง,06:49:14,6.821,1
2026-08-16,63 EB 71 1A,คำแปง,12:02:17,12.038,2
2026-08-16,63 EB 71 1A,คำแปง,12:56:12,12.937,3
2026-08-16,63 EB 71 1A,คำแปง,16:03:45,16.062,4
2026-08-16,63 EB 71 1A,คำแปง,17:00:42,17.012,5
2026-08-16,63 EB 71 1A,คำแปง,20:05:07,20.085,6
2026-08-17,63 EB 71 1A,คำแปง,10:56:15,10.938,1
2026-08-17,63 EB 71 1A,คำแปง,15:03:59,15.066,2
2026-08-17,63 EB 71 1A,คำแปง,16:03:16,16.054,3
2026-08-19,63 EB 71 1A,คำแปง,10:45:15,10.754,1
2026-08-19,63 EB 71 1A,คำแปง,16:00:58,16.016,2
2026-08-19,63 EB 71 1A,คำแปง,16:48:46,16.813,3
2026-08-19,63 EB 71 1A,คำแปง,20:50:15,20.838,4
2026-08-20,63 EB 71 1A,คำแปง,10:53:16,10.888,1
2026-08-20,63 EB 71 1A,คำแปง,15:01:08,15.019,2
2026-08-20,63 EB 71 1A,คำแปง,15:57:27,15.958,3
2026-08-20,63 EB 71 1A,คำแปง,20:45:36,20.76,4
2026-08-21,63 EB 71 1A,คำแปง,11:00:37,11.01,1
2026-08-21,63 EB 71 1A,คำแปง,15:01:44,15.029,2
2026-08-21,63 EB 71 1A,คำแปง,15:53:30,15.892,3
2026-08-21,63 EB 71 1A,คำแปง,20:46:18,20.772,4
2026-08-22,63 EB 71 1A,คำแปง,10:42:01,10.7,1
2026-08-22,63 EB 71 1A,คำแปง,15:01:01,15.017,2
2026-08-22,63 EB 71 1A,คำแปง,15:57:14,15.954,3
2026-08-22,63 EB 71 1A,คำแปง,20:44:00,20.733,4
2026-08-23,63 EB 71 1A,คำแปง,06:52:21,6.873,1
2026-08-23,63 EB 71 1A,คำแปง,11:01:54,11.032,2
2026-08-23,63 EB 71 1A,คำแปง,11:54:38,11.911,3
2026-08-23,63 EB 71 1A,คำแปง,15:57:45,15.962,4
2026-08-23,63 EB 71 1A,คำแปง,20:04:28,20.074,5
2026-08-24,63 EB 71 1A,คำแปง,10:45:37,10.76,1
2026-08-24,63 EB 71 1A,คำแปง,15:00:33,15.009,2
2026-08-27,63 EB 71 1A,คำแปง,10:46:34,10.776,1
2026-08-27,63 EB 71 1A,คำแปง,15:00:56,15.016,2
2026-08-27,63 EB 71 1A,คำแปง,20:43:10,20.719,3
2026-08-28,63 EB 71 1A,คำแปง,10:48:27,10.808,1
2026-08-28,63 EB 71 1A,คำแปง,15:00:28,15.008,2
2026-08-28,63 EB 71 1A,คำแปง,15:52:38,15.877,3
2026-08-28,63 EB 71 1A,คำแปง,20:43:38,20.727,4
2026-08-29,63 EB 71 1A,คำแปง,06:52:58,6.883,1
2026-08-29,63 EB 71 1A,คำแปง,11:04:38,11.077,2
2026-08-29,63 EB 71 1A,คำแปง,11:59:00,11.983,3
2026-08-29,63 EB 71 1A,คำแปง,16:00:12,16.003,4
2026-08-29,63 EB 71 1A,คำแปง,16:50:25,16.84,5
2026-08-29,63 EB 71 1A,คำแปง,20:46:53,20.781,6
2026-08-30,63 EB 71 1A,คำแปง,06:50:06,6.835,1
2026-08-30,63 EB 71 1A,คำแปง,11:05:51,11.098,2
2026-08-30,63 EB 71 1A,คำแปง,16:01:34,16.026,3
2026-08-31,63 EB 71 1A,คำแปง,10:51:40,10.861,1
2026-08-31,63 EB 71 1A,คำแปง,20:43:01,20.717,2
2026-09-02,63 EB 71 1A,คำแปง,10:43:07,10.719,1
2026-09-02,63 EB 71 1A,คำแปง,20:45:41,20.761,2
2026-09-03,63 EB 71 1A,คำแปง,10:40:38,10.677,1
2026-09-03,63 EB 71 1A,คำแปง,15:02:21,15.039,2
2026-09-03,63 EB 71 1A,คำแปง,20:43:34,20.726,3
2026-09-04,63 EB 71 1A,คำแปง,11:02:40,11.044,1
2026-09-04,63 EB 71 1A,คำแปง,20:43:03,20.717,2
2026-09-05,63 EB 71 1A,คำแปง,06:49:59,6.833,1
2026-09-05,63 EB 71 1A,คำแปง,20:41:49,20.697,2
2026-09-06,63 EB 71 1A,คำแปง,06:49:21,6.822,1
2026-09-06,63 EB 71 1A,คำแปง,20:02:33,20.042,2
2026-09-07,63 EB 71 1A,คำแปง,10:50:35,10.843,1
2026-09-07,63 EB 71 1A,คำแปง,20:41:31,20.692,2
2026-09-08,63 EB 71 1A,คำแปง,10:48:45,10.812,1
2026-09-08,63 EB 71 1A,คำแปง,20:44:17,20.738,2
2026-09-10,63 EB 71 1A,คำแปง,10:50:54,10.848,1
2026-09-11,63 EB 71 1A,คำแปง,10:46:02,10.767,1
2026-09-11,63 EB 71 1A,คำแปง,20:52:32,20.876,2
2026-09-12,63 EB 71 1A,คำแปง,06:48:35,6.81,1
2026-09-12,63 EB 71 1A,คำแปง,20:02:46,20.046,2
2026-09-14,63 EB 71 1A,คำแปง,10:44:02,10.734,1
2026-09-14,63 EB 71 1A,คำแปง,20:45:47,20.763,2
2026-09-16,63 EB 71 1A,คำแปง,10:45:25,10.757,1
2026-09-17,63 EB 71 1A,คำแปง,10:44:08,10.736,1
2026-09-17,63 EB 71 1A,คำแปง,20:43:16,20.721,2
2026-09-18,63 EB 71 1A,คำแปง,10:46:27,10.774,1
2026-09-18,63 EB 71 1A,คำแปง,20:42:11,20.703,2
2026-09-19,63 EB 71 1A,คำแปง,06:51:20,6.856,1
2026-09-19,63 EB 71 1A,คำแปง,20:40:34,20.676,2
2026-09-20,63 EB 71 1A,คำแปง,06:46:56,6.782,1
2026-09-20,63 EB 71 1A,คำแปง,20:42:27,20.708,2
2026-09-21,63 EB 71 1A,คำแปง,10:49:22,10.823,1
2026-09-21,63 EB 71 1A,คำแปง,20:44:13,20.737,2
2026-09-22,63 EB 71 1A,คำแปง,10:44:31,10.742,1
2026-09-22,63 EB 71 1A,คำแปง,20:40:55,20.682,2
2026-09-24,63 EB 71 1A,คำแปง,10:49:02,10.817,1
2026-06-05,90 8B AA 41,จะลอ,19:30:13,19.504,1
2026-06-06,90 8B AA 41,จะลอ,07:50:35,7.843,1
2026-06-06,90 8B AA 41,จะลอ,19:28:49,19.48,2
2026-06-08,90 8B AA 41,จะลอ,07:55:03,7.918,1
2026-06-08,90 8B AA 41,จะลอ,17:01:28,17.024,2
2026-06-09,90 8B AA 41,จะลอ,07:39:42,7.662,1
2026-06-09,90 8B AA 41,จะลอ,17:01:58,17.033,2
2026-06-10,90 8B AA 41,จะลอ,07:51:24,7.857,1
2026-06-10,90 8B AA 41,จะลอ,17:01:40,17.028,2
2026-06-11,90 8B AA 41,จะลอ,07:47:41,7.795,1
2026-06-11,90 8B AA 41,จะลอ,17:03:02,17.051,2
2026-06-12,90 8B AA 41,จะลอ,07:49:27,7.824,1
2026-06-12,90 8B AA 41,จะลอ,19:30:24,19.507,2
2026-06-13,90 8B AA 41,จะลอ,07:53:35,7.893,1
2026-06-13,90 8B AA 41,จะลอ,19:27:44,19.462,2
2026-06-15,90 8B AA 41,จะลอ,08:10:03,8.167,1
2026-06-15,90 8B AA 41,จะลอ,17:02:46,17.046,2
2026-06-16,90 8B AA 41,จะลอ,07:46:03,7.768,1
2026-06-16,90 8B AA 41,จะลอ,17:00:58,17.016,2
2026-06-17,90 8B AA 41,จะลอ,07:46:50,7.781,1
2026-06-18,90 8B AA 41,จะลอ,17:01:08,17.019,1
2026-06-19,90 8B AA 41,จะลอ,07:51:02,7.851,1
2026-06-19,90 8B AA 41,จะลอ,19:28:49,19.48,2
2026-06-20,90 8B AA 41,จะลอ,19:29:56,19.499,1
2026-06-22,90 8B AA 41,จะลอ,07:53:03,7.884,1
2026-06-22,90 8B AA 41,จะลอ,17:27:20,17.456,2
2026-06-23,90 8B AA 41,จะลอ,07:57:15,7.954,1
2026-06-23,90 8B AA 41,จะลอ,17:03:20,17.056,2
2026-06-24,90 8B AA 41,จะลอ,07:47:42,7.795,1
2026-06-24,90 8B AA 41,จะลอ,17:02:49,17.047,2
2026-06-25,90 8B AA 41,จะลอ,07:48:56,7.816,1
2026-06-25,90 8B AA 41,จะลอ,16:59:07,16.985,2
2026-06-26,90 8B AA 41,จะลอ,07:53:11,7.886,1
2026-06-26,90 8B AA 41,จะลอ,19:29:54,19.498,2
2026-06-27,90 8B AA 41,จะลอ,07:52:50,7.881,1
2026-06-27,90 8B AA 41,จะลอ,19:30:56,19.516,2
2026-06-29,90 8B AA 41,จะลอ,07:52:52,7.881,1
2026-06-29,90 8B AA 41,จะลอ,17:15:54,17.265,2
2026-06-30,90 8B AA 41,จะลอ,07:49:44,7.829,1
2026-06-30,90 8B AA 41,จะลอ,16:58:16,16.971,2
2026-07-01,90 8B AA 41,จะลอ,07:49:47,7.83,1
2026-07-01,90 8B AA 41,จะลอ,17:00:39,17.011,2
2026-07-02,90 8B AA 41,จะลอ,07:47:25,7.79,1
2026-07-02,90 8B AA 41,จะลอ,16:59:51,16.998,2
2026-07-03,90 8B AA 41,จะลอ,07:48:57,7.816,1
2026-07-03,90 8B AA 41,จะลอ,19:27:57,19.466,2
2026-07-04,90 8B AA 41,จะลอ,07:57:53,7.965,1
2026-07-04,90 8B AA 41,จะลอ,19:28:22,19.473,2
2026-07-06,90 8B AA 41,จะลอ,16:56:09,16.936,1
2026-07-07,90 8B AA 41,จะลอ,08:00:12,8.003,1
2026-07-07,90 8B AA 41,จะลอ,17:00:54,17.015,2
2026-07-08,90 8B AA 41,จะลอ,07:53:16,7.888,1
2026-07-08,90 8B AA 41,จะลอ,17:02:07,17.035,2
2026-07-09,90 8B AA 41,จะลอ,07:53:57,7.899,1
2026-07-09,90 8B AA 41,จะลอ,19:30:20,19.506,2
2026-07-10,90 8B AA 41,จะลอ,07:49:30,7.825,1
2026-07-10,90 8B AA 41,จะลอ,19:28:30,19.475,2
2026-07-11,90 8B AA 41,จะลอ,07:55:09,7.919,1
2026-07-11,90 8B AA 41,จะลอ,19:30:15,19.504,2
2026-07-13,90 8B AA 41,จะลอ,08:01:49,8.03,1
2026-07-13,90 8B AA 41,จะลอ,17:00:10,17.003,2
2026-07-14,90 8B AA 41,จะลอ,07:55:30,7.925,1
2026-07-14,90 8B AA 41,จะลอ,16:59:40,16.994,2
2026-07-15,90 8B AA 41,จะลอ,07:55:31,7.925,1
2026-07-15,90 8B AA 41,จะลอ,16:59:33,16.992,2
2026-07-16,90 8B AA 41,จะลอ,07:52:51,7.881,1
2026-07-16,90 8B AA 41,จะลอ,16:59:11,16.986,2
2026-07-17,90 8B AA 41,จะลอ,07:50:58,7.849,1
2026-07-17,90 8B AA 41,จะลอ,19:31:00,19.517,2
2026-07-18,90 8B AA 41,จะลอ,07:51:38,7.861,1
2026-07-18,90 8B AA 41,จะลอ,19:30:32,19.509,2
2026-07-20,90 8B AA 41,จะลอ,07:53:40,7.894,1
2026-07-20,90 8B AA 41,จะลอ,17:01:42,17.028,2
2026-07-21,90 8B AA 41,จะลอ,07:45:44,7.762,1
2026-07-21,90 8B AA 41,จะลอ,17:03:00,17.05,2
2026-07-22,90 8B AA 41,จะลอ,07:46:15,7.771,1
2026-07-22,90 8B AA 41,จะลอ,17:00:26,17.007,2
2026-07-23,90 8B AA 41,จะลอ,07:50:51,7.848,1
2026-07-23,90 8B AA 41,จะลอ,17:02:03,17.034,2
2026-07-24,90 8B AA 41,จะลอ,07:58:28,7.974,1
2026-07-24,90 8B AA 41,จะลอ,19:30:24,19.507,2
2026-07-25,90 8B AA 41,จะลอ,07:54:34,7.909,1
2026-07-27,90 8B AA 41,จะลอ,07:41:43,7.695,1
2026-07-27,90 8B AA 41,จะลอ,17:01:56,17.032,2
2026-07-28,90 8B AA 41,จะลอ,07:58:22,7.973,1
2026-07-28,90 8B AA 41,จะลอ,17:00:08,17.002,2
2026-07-29,90 8B AA 41,จะลอ,08:00:28,8.008,1
2026-07-29,90 8B AA 41,จะลอ,17:02:54,17.048,2
2026-07-30,90 8B AA 41,จะลอ,17:02:07,17.035,1
2026-07-31,90 8B AA 41,จะลอ,07:45:50,7.764,1
2026-07-31,90 8B AA 41,จะลอ,19:29:54,19.498,2
2026-08-01,90 8B AA 41,จะลอ,07:54:47,7.913,1
2026-08-01,90 8B AA 41,จะลอ,19:30:47,19.513,2
2026-08-03,90 8B AA 41,จะลอ,07:56:45,7.946,1
2026-08-03,90 8B AA 41,จะลอ,17:03:42,17.062,2
2026-08-04,90 8B AA 41,จะลอ,07:51:56,7.866,1
2026-08-04,90 8B AA 41,จะลอ,17:03:26,17.057,2
2026-08-05,90 8B AA 41,จะลอ,07:49:52,7.831,1
2026-08-05,90 8B AA 41,จะลอ,16:57:15,16.954,2
2026-08-05,90 8B AA 41,จะลอ,17:29:44,17.496,3
2026-08-05,90 8B AA 41,จะลอ,19:30:34,19.509,4
2026-08-06,90 8B AA 41,จะลอ,07:57:51,7.964,1
2026-08-06,90 8B AA 41,จะลอ,17:04:28,17.074,2
2026-08-07,90 8B AA 41,จะลอ,07:43:25,7.724,1
2026-08-07,90 8B AA 41,จะลอ,19:29:14,19.487,2
2026-08-08,90 8B AA 41,จะลอ,07:52:13,7.87,1
2026-08-08,90 8B AA 41,จะลอ,19:28:53,19.481,2
2026-08-10,90 8B AA 41,จะลอ,07:52:06,7.868,1
2026-08-10,90 8B AA 41,จะลอ,17:02:19,17.039,2
2026-08-11,90 8B AA 41,จะลอ,08:05:12,8.087,1
2026-08-13,90 8B AA 41,จะลอ,16:59:11,16.986,1
2026-08-14,90 8B AA 41,จะลอ,07:51:14,7.854,1
2026-08-14,90 8B AA 41,จะลอ,19:27:56,19.466,2
2026-08-15,90 8B AA 41,จะลอ,19:28:05,19.468,1
2026-08-17,90 8B AA 41,จะลอ,07:57:31,7.959,1
2026-08-17,90 8B AA 41,จะลอ,12:23:18,12.388,2
2026-08-18,90 8B AA 41,จะลอ,16:59:27,16.991,1
2026-08-19,90 8B AA 41,จะลอ,08:07:08,8.119,1
2026-08-19,90 8B AA 41,จะลอ,17:07:53,17.131,2
2026-08-20,90 8B AA 41,จะลอ,17:01:50,17.031,1
2026-08-21,90 8B AA 41,จะลอ,07:54:35,7.91,1
2026-08-21,90 8B AA 41,จะลอ,19:29:54,19.498,2
2026-08-22,90 8B AA 41,จะลอ,19:28:55,19.482,1
2026-08-24,90 8B AA 41,จะลอ,07:56:12,7.937,1
2026-08-24,90 8B AA 41,จะลอ,17:01:20,17.022,2
2026-08-26,90 8B AA 41,จะลอ,19:28:37,19.477,1
2026-08-27,90 8B AA 41,จะลอ,07:54:01,7.9,1
2026-08-27,90 8B AA 41,จะลอ,17:00:08,17.002,2
2026-08-28,90 8B AA 41,จะลอ,08:02:53,8.048,1
2026-08-28,90 8B AA 41,จะลอ,19:29:38,19.494,2
2026-08-29,90 8B AA 41,จะลอ,07:57:54,7.965,1
2026-08-29,90 8B AA 41,จะลอ,19:31:28,19.524,2
2026-08-31,90 8B AA 41,จะลอ,16:59:48,16.997,1
2026-09-01,90 8B AA 41,จะลอ,07:46:35,7.776,1
2026-09-01,90 8B AA 41,จะลอ,16:57:04,16.951,2
2026-09-02,90 8B AA 41,จะลอ,07:47:50,7.797,1
2026-09-02,90 8B AA 41,จะลอ,17:00:37,17.01,2
2026-09-03,90 8B AA 41,จะลอ,07:58:14,7.971,1
2026-09-03,90 8B AA 41,จะลอ,16:58:21,16.972,2
2026-09-04,90 8B AA 41,จะลอ,07:55:40,7.928,1
2026-09-04,90 8B AA 41,จะลอ,19:27:46,19.463,2
2026-09-05,90 8B AA 41,จะลอ,07:59:56,7.999,1
2026-09-07,90 8B AA 41,จะลอ,07:59:39,7.994,1
2026-09-07,90 8B AA 41,จะลอ,17:00:52,17.014,2
2026-09-08,90 8B AA 41,จะลอ,07:54:47,7.913,1
2026-09-08,90 8B AA 41,จะลอ,17:00:11,17.003,2
2026-09-09,90 8B AA 41,จะลอ,07:51:46,7.863,1
2026-09-09,90 8B AA 41,จะลอ,16:59:07,16.985,2
2026-09-10,90 8B AA 41,จะลอ,07:41:03,7.684,1
2026-09-10,90 8B AA 41,จะลอ,16:58:23,16.973,2
2026-09-11,90 8B AA 41,จะลอ,07:54:19,7.905,1
2026-09-11,90 8B AA 41,จะลอ,19:29:21,19.489,2
2026-09-12,90 8B AA 41,จะลอ,07:55:50,7.931,1
2026-09-12,90 8B AA 41,จะลอ,19:28:12,19.47,2
2026-09-14,90 8B AA 41,จะลอ,16:58:48,16.98,1
2026-09-15,90 8B AA 41,จะลอ,07:59:07,7.985,1
2026-09-15,90 8B AA 41,จะลอ,16:57:05,16.951,2
2026-09-16,90 8B AA 41,จะลอ,07:53:34,7.893,1
2026-09-17,90 8B AA 41,จะลอ,07:58:29,7.975,1
2026-09-17,90 8B AA 41,จะลอ,17:08:04,17.134,2
2026-09-18,90 8B AA 41,จะลอ,07:55:34,7.926,1
2026-09-18,90 8B AA 41,จะลอ,19:29:46,19.496,2
2026-09-19,90 8B AA 41,จะลอ,08:04:24,8.073,1
2026-09-19,90 8B AA 41,จะลอ,19:29:14,19.487,2
2026-09-21,90 8B AA 41,จะลอ,07:48:44,7.812,1
2026-09-21,90 8B AA 41,จะลอ,16:59:55,16.999,2
2026-09-22,90 8B AA 41,จะลอ,07:55:02,7.917,1
2026-09-22,90 8B AA 41,จะลอ,16:59:31,16.992,2
2026-09-23,90 8B AA 41,จะลอ,07:52:39,7.878,1
2026-09-23,90 8B AA 41,จะลอ,17:01:15,17.021,2
2026-09-24,90 8B AA 41,จะลอ,08:02:37,8.044,1
2026-09-04,1D 57 A8 41,จะหวะ,16:12:54,16.215,1
2026-09-04,1D 57 A8 41,จะหวะ,16:21:03,16.351,2
2026-09-04,1D 57 A8 41,จะหวะ,20:41:55,20.699,3
2026-09-05,1D 57 A8 41,จะหวะ,06:23:14,6.387,1
2026-09-07,1D 57 A8 41,จะหวะ,06:59:21,6.989,1
2026-09-07,1D 57 A8 41,จะหวะ,11:00:58,11.016,2
2026-09-07,1D 57 A8 41,จะหวะ,12:00:23,12.006,3
2026-09-07,1D 57 A8 41,จะหวะ,20:03:01,20.05,4
2026-09-08,1D 57 A8 41,จะหวะ,07:02:13,7.037,1
2026-09-08,1D 57 A8 41,จะหวะ,11:00:42,11.012,2
2026-09-08,1D 57 A8 41,จะหวะ,16:00:47,16.013,3
2026-09-08,1D 57 A8 41,จะหวะ,20:03:38,20.061,4
2026-09-09,1D 57 A8 41,จะหวะ,08:30:59,8.516,1
2026-09-09,1D 57 A8 41,จะหวะ,09:01:31,9.025,2
2026-09-09,1D 57 A8 41,จะหวะ,11:02:39,11.044,3
2026-09-09,1D 57 A8 41,จะหวะ,12:00:34,12.009,4
2026-09-09,1D 57 A8 41,จะหวะ,17:02:41,17.045,5
2026-09-10,1D 57 A8 41,จะหวะ,06:42:03,6.701,1
2026-09-10,1D 57 A8 41,จะหวะ,12:01:14,12.021,2
2026-09-10,1D 57 A8 41,จะหวะ,13:05:48,13.097,3
2026-09-10,1D 57 A8 41,จะหวะ,17:01:06,17.018,4
2026-09-11,1D 57 A8 41,จะหวะ,10:57:31,10.959,1
2026-09-11,1D 57 A8 41,จะหวะ,15:01:44,15.029,2
2026-09-11,1D 57 A8 41,จะหวะ,15:42:57,15.716,3
2026-09-11,1D 57 A8 41,จะหวะ,20:41:12,20.687,4
2026-09-12,1D 57 A8 41,จะหวะ,06:31:16,6.521,1
2026-09-12,1D 57 A8 41,จะหวะ,08:01:34,8.026,2
2026-09-12,1D 57 A8 41,จะหวะ,08:28:24,8.473,3
2026-09-12,1D 57 A8 41,จะหวะ,12:03:14,12.054,4
2026-09-12,1D 57 A8 41,จะหวะ,13:01:13,13.02,5
2026-09-12,1D 57 A8 41,จะหวะ,17:03:35,17.06,6
2026-09-14,1D 57 A8 41,จะหวะ,11:04:27,11.074,1
2026-09-14,1D 57 A8 41,จะหวะ,12:05:45,12.096,2
2026-09-14,1D 57 A8 41,จะหวะ,16:01:23,16.023,3
2026-09-14,1D 57 A8 41,จะหวะ,16:55:45,16.929,4
2026-09-15,1D 57 A8 41,จะหวะ,07:17:21,7.289,1
2026-09-15,1D 57 A8 41,จะหวะ,08:59:35,8.993,2
2026-09-15,1D 57 A8 41,จะหวะ,11:02:53,11.048,3
2026-09-15,1D 57 A8 41,จะหวะ,12:00:55,12.015,4
2026-09-15,1D 57 A8 41,จะหวะ,15:01:09,15.019,5
2026-09-15,1D 57 A8 41,จะหวะ,16:01:21,16.022,6
2026-09-15,1D 57 A8 41,จะหวะ,20:05:24,20.09,7
2026-09-16,1D 57 A8 41,จะหวะ,06:31:27,6.524,1
2026-09-16,1D 57 A8 41,จะหวะ,09:31:10,9.519,2
2026-09-16,1D 57 A8 41,จะหวะ,10:01:03,10.018,3
2026-09-16,1D 57 A8 41,จะหวะ,11:00:19,11.005,4
2026-09-16,1D 57 A8 41,จะหวะ,11:59:27,11.991,5
2026-09-17,1D 57 A8 41,จะหวะ,06:38:13,6.637,1
2026-09-17,1D 57 A8 41,จะหวะ,11:04:05,11.068,2
2026-09-17,1D 57 A8 41,จะหวะ,12:01:46,12.029,3
2026-09-17,1D 57 A8 41,จะหวะ,17:00:46,17.013,4
2026-09-18,1D 57 A8 41,จะหวะ,11:06:37,11.11,1
2026-09-18,1D 57 A8 41,จะหวะ,16:01:56,16.032,2
2026-09-18,1D 57 A8 41,จะหวะ,16:58:24,16.973,3
2026-09-18,1D 57 A8 41,จะหวะ,20:40:24,20.673,4
2026-09-19,1D 57 A8 41,จะหวะ,06:33:37,6.56,1
2026-09-19,1D 57 A8 41,จะหวะ,12:00:28,12.008,2
2026-09-19,1D 57 A8 41,จะหวะ,13:00:51,13.014,3
2026-09-19,1D 57 A8 41,จะหวะ,17:01:50,17.031,4
2026-09-21,1D 57 A8 41,จะหวะ,06:57:07,6.952,1
2026-09-21,1D 57 A8 41,จะหวะ,11:02:11,11.036,2
2026-09-21,1D 57 A8 41,จะหวะ,12:01:25,12.024,3
2026-09-21,1D 57 A8 41,จะหวะ,15:57:43,15.962,4
2026-09-21,1D 57 A8 41,จะหวะ,20:42:12,20.703,5
2026-09-22,1D 57 A8 41,จะหวะ,07:08:18,7.138,1
2026-09-22,1D 57 A8 41,จะหวะ,11:00:05,11.001,2
2026-09-22,1D 57 A8 41,จะหวะ,12:02:23,12.04,3
2026-09-22,1D 57 A8 41,จะหวะ,15:00:40,15.011,4
2026-09-22,1D 57 A8 41,จะหวะ,16:00:56,16.016,5
2026-09-22,1D 57 A8 41,จะหวะ,20:01:24,20.023,6
2026-09-23,1D 57 A8 41,จะหวะ,06:29:04,6.484,1
2026-09-23,1D 57 A8 41,จะหวะ,09:00:04,9.001,2
2026-09-23,1D 57 A8 41,จะหวะ,10:59:42,10.995,3
2026-09-23,1D 57 A8 41,จะหวะ,12:01:07,12.019,4
2026-09-23,1D 57 A8 41,จะหวะ,17:01:10,17.019,5
2026-09-24,1D 57 A8 41,จะหวะ,08:01:40,8.028,1
2026-09-24,1D 57 A8 41,จะหวะ,11:01:08,11.019,2
2026-06-05,F9 37 AA 41,ธิดาทิพย์,09:53:16,9.888,1
2026-06-05,F9 37 AA 41,ธิดาทิพย์,16:39:00,16.65,2
2026-06-06,F9 37 AA 41,ธิดาทิพย์,08:17:37,8.294,1
2026-06-06,F9 37 AA 41,ธิดาทิพย์,15:09:50,15.164,2
2026-06-08,F9 37 AA 41,ธิดาทิพย์,07:56:42,7.945,1
2026-06-08,F9 37 AA 41,ธิดาทิพย์,16:43:31,16.725,2
2026-06-09,F9 37 AA 41,ธิดาทิพย์,07:51:55,7.865,1
2026-06-09,F9 37 AA 41,ธิดาทิพย์,16:40:21,16.672,2
2026-06-10,F9 37 AA 41,ธิดาทิพย์,07:44:18,7.738,1
2026-06-10,F9 37 AA 41,ธิดาทิพย์,16:39:42,16.662,2
2026-06-11,F9 37 AA 41,ธิดาทิพย์,07:51:47,7.863,1
2026-06-12,F9 37 AA 41,ธิดาทิพย์,07:58:18,7.972,1
2026-06-12,F9 37 AA 41,ธิดาทิพย์,16:36:55,16.615,2
2026-06-13,F9 37 AA 41,ธิดาทิพย์,08:30:03,8.501,1
2026-06-13,F9 37 AA 41,ธิดาทิพย์,15:16:08,15.269,2
2026-06-16,F9 37 AA 41,ธิดาทิพย์,07:47:03,7.784,1
2026-06-16,F9 37 AA 41,ธิดาทิพย์,16:33:35,16.56,2
2026-06-17,F9 37 AA 41,ธิดาทิพย์,07:56:43,7.945,1
2026-06-17,F9 37 AA 41,ธิดาทิพย์,16:31:33,16.526,2
2026-06-18,F9 37 AA 41,ธิดาทิพย์,16:38:39,16.644,1
2026-06-19,F9 37 AA 41,ธิดาทิพย์,16:37:22,16.623,1
2026-06-22,F9 37 AA 41,ธิดาทิพย์,07:44:43,7.745,1
2026-06-22,F9 37 AA 41,ธิดาทิพย์,16:39:51,16.664,2
2026-06-23,F9 37 AA 41,ธิดาทิพย์,07:49:21,7.822,1
2026-06-29,F9 37 AA 41,ธิดาทิพย์,07:58:24,7.973,1
2026-06-30,F9 37 AA 41,ธิดาทิพย์,07:28:22,7.473,1
2026-06-30,F9 37 AA 41,ธิดาทิพย์,16:40:54,16.682,2
2026-07-01,F9 37 AA 41,ธิดาทิพย์,08:04:14,8.071,1
2026-07-08,F9 37 AA 41,ธิดาทิพย์,16:36:07,16.602,1
2026-06-05,26 3C AB 41,นานมิเงิน,15:43:07,15.719,1
2026-06-06,26 3C AB 41,นานมิเงิน,15:45:02,15.751,1
2026-06-07,26 3C AB 41,นานมิเงิน,15:53:32,15.892,1
2026-06-08,26 3C AB 41,นานมิเงิน,07:02:07,7.035,1
2026-06-08,26 3C AB 41,นานมิเงิน,15:48:31,15.809,2
2026-06-10,26 3C AB 41,นานมิเงิน,07:15:16,7.254,1
2026-06-10,26 3C AB 41,นานมิเงิน,15:58:54,15.982,2
2026-06-11,26 3C AB 41,นานมิเงิน,06:46:16,6.771,1
2026-06-11,26 3C AB 41,นานมิเงิน,15:46:13,15.77,2
2026-06-12,26 3C AB 41,นานมิเงิน,06:54:16,6.904,1
2026-06-12,26 3C AB 41,นานมิเงิน,15:41:43,15.695,2
2026-06-13,26 3C AB 41,นานมิเงิน,06:44:28,6.741,1
2026-06-13,26 3C AB 41,นานมิเงิน,15:53:50,15.897,2
2026-06-14,26 3C AB 41,นานมิเงิน,06:38:23,6.64,1
2026-06-14,26 3C AB 41,นานมิเงิน,15:50:14,15.837,2
2026-06-15,26 3C AB 41,นานมิเงิน,06:40:03,6.668,1
2026-06-15,26 3C AB 41,นานมิเงิน,15:45:08,15.752,2
2026-06-16,26 3C AB 41,นานมิเงิน,06:18:37,6.31,1
2026-06-16,26 3C AB 41,นานมิเงิน,15:46:19,15.772,2
2026-06-17,26 3C AB 41,นานมิเงิน,06:39:13,6.654,1
2026-06-17,26 3C AB 41,นานมิเงิน,15:51:12,15.853,2
2026-06-18,26 3C AB 41,นานมิเงิน,15:36:37,15.61,1
2026-06-19,26 3C AB 41,นานมิเงิน,06:52:17,6.871,1
2026-06-19,26 3C AB 41,นานมิเงิน,15:44:43,15.745,2
2026-06-20,26 3C AB 41,นานมิเงิน,06:45:04,6.751,1
2026-06-21,26 3C AB 41,นานมิเงิน,06:56:03,6.934,1
2026-06-21,26 3C AB 41,นานมิเงิน,15:46:10,15.769,2
2026-06-23,26 3C AB 41,นานมิเงิน,06:30:36,6.51,1
2026-06-23,26 3C AB 41,นานมิเงิน,15:40:37,15.677,2
2026-06-24,26 3C AB 41,นานมิเงิน,06:46:23,6.773,1
2026-06-24,26 3C AB 41,นานมิเงิน,15:34:51,15.581,2
2026-06-25,26 3C AB 41,นานมิเงิน,06:46:38,6.777,1
2026-06-25,26 3C AB 41,นานมิเงิน,15:43:51,15.731,2
2026-06-26,26 3C AB 41,นานมิเงิน,06:50:25,6.84,1
2026-06-26,26 3C AB 41,นานมิเงิน,15:45:59,15.766,2
2026-06-27,26 3C AB 41,นานมิเงิน,06:59:53,6.998,1
2026-06-28,26 3C AB 41,นานมิเงิน,07:06:59,7.116,1
2026-06-28,26 3C AB 41,นานมิเงิน,15:39:23,15.656,2
2026-06-29,26 3C AB 41,นานมิเงิน,06:57:14,6.954,1
2026-06-29,26 3C AB 41,นานมิเงิน,15:59:59,16.0,2
2026-06-30,26 3C AB 41,นานมิเงิน,06:40:23,6.673,1
2026-06-30,26 3C AB 41,นานมิเงิน,15:43:08,15.719,2
2026-07-01,26 3C AB 41,นานมิเงิน,06:53:49,6.897,1
2026-07-01,26 3C AB 41,นานมิเงิน,15:47:39,15.794,2
2026-07-02,26 3C AB 41,นานมิเงิน,07:15:44,7.262,1
2026-07-02,26 3C AB 41,นานมิเงิน,15:37:46,15.629,2
2026-07-03,26 3C AB 41,นานมิเงิน,06:49:18,6.822,1
2026-07-03,26 3C AB 41,นานมิเงิน,15:34:34,15.576,2
2026-07-04,26 3C AB 41,นานมิเงิน,06:54:22,6.906,1
2026-07-04,26 3C AB 41,นานมิเงิน,15:38:02,15.634,2
2026-07-05,26 3C AB 41,นานมิเงิน,06:54:39,6.911,1
2026-07-07,26 3C AB 41,นานมิเงิน,06:40:28,6.674,1
2026-07-07,26 3C AB 41,นานมิเงิน,15:39:14,15.654,2
2026-07-08,26 3C AB 41,นานมิเงิน,06:54:28,6.908,1
2026-07-08,26 3C AB 41,นานมิเงิน,15:35:48,15.597,2
2026-07-09,26 3C AB 41,นานมิเงิน,06:48:41,6.811,1
2026-07-09,26 3C AB 41,นานมิเงิน,15:30:47,15.513,2
2026-07-10,26 3C AB 41,นานมิเงิน,06:43:52,6.731,1
2026-07-10,26 3C AB 41,นานมิเงิน,15:33:24,15.557,2
2026-07-11,26 3C AB 41,นานมิเงิน,07:01:47,7.03,1
2026-07-11,26 3C AB 41,นานมิเงิน,15:37:06,15.618,2
2026-07-12,26 3C AB 41,นานมิเงิน,06:53:41,6.895,1
2026-07-12,26 3C AB 41,นานมิเงิน,15:31:02,15.517,2
2026-07-13,26 3C AB 41,นานมิเงิน,06:53:43,6.895,1
2026-07-13,26 3C AB 41,นานมิเงิน,15:45:16,15.754,2
2026-07-14,26 3C AB 41,นานมิเงิน,06:54:22,6.906,1
2026-07-15,26 3C AB 41,นานมิเงิน,06:50:31,6.842,1
2026-07-15,26 3C AB 41,นานมิเงิน,15:40:56,15.682,2
2026-07-16,26 3C AB 41,นานมิเงิน,06:54:15,6.904,1
2026-07-16,26 3C AB 41,นานมิเงิน,15:30:50,15.514,2
2026-07-17,26 3C AB 41,นานมิเงิน,06:55:15,6.921,1
2026-07-18,26 3C AB 41,นานมิเงิน,07:06:17,7.105,1
2026-07-18,26 3C AB 41,นานมิเงิน,15:25:57,15.432,2
2026-07-19,26 3C AB 41,นานมิเงิน,07:07:20,7.122,1
2026-07-19,26 3C AB 41,นานมิเงิน,15:38:47,15.646,2
2026-07-21,26 3C AB 41,นานมิเงิน,07:06:04,7.101,1
2026-07-21,26 3C AB 41,นานมิเงิน,15:39:16,15.654,2
2026-07-22,26 3C AB 41,นานมิเงิน,06:44:33,6.742,1
2026-07-22,26 3C AB 41,นานมิเงิน,16:06:35,16.11,2
2026-07-23,26 3C AB 41,นานมิเงิน,06:52:27,6.874,1
2026-07-23,26 3C AB 41,นานมิเงิน,15:51:43,15.862,2
2026-07-24,26 3C AB 41,นานมิเงิน,06:50:42,6.845,1
2026-07-24,26 3C AB 41,นานมิเงิน,15:57:11,15.953,2
2026-07-25,26 3C AB 41,นานมิเงิน,07:04:59,7.083,1
2026-07-25,26 3C AB 41,นานมิเงิน,15:44:14,15.737,2
2026-07-26,26 3C AB 41,นานมิเงิน,07:04:47,7.08,1
2026-07-26,26 3C AB 41,นานมิเงิน,15:41:28,15.691,2
2026-07-27,26 3C AB 41,นานมิเงิน,06:50:23,6.84,1
2026-07-27,26 3C AB 41,นานมิเงิน,15:45:03,15.751,2
2026-07-28,26 3C AB 41,นานมิเงิน,07:01:23,7.023,1
2026-07-28,26 3C AB 41,นานมิเงิน,15:43:48,15.73,2
2026-07-29,26 3C AB 41,นานมิเงิน,07:00:23,7.006,1
2026-07-29,26 3C AB 41,นานมิเงิน,15:47:30,15.792,2
2026-07-31,26 3C AB 41,นานมิเงิน,06:43:50,6.731,1
2026-08-01,26 3C AB 41,นานมิเงิน,06:53:02,6.884,1
2026-08-01,26 3C AB 41,นานมิเงิน,15:45:55,15.765,2
2026-08-02,26 3C AB 41,นานมิเงิน,06:56:01,6.934,1
2026-08-03,26 3C AB 41,นานมิเงิน,06:47:10,6.786,1
2026-08-03,26 3C AB 41,นานมิเงิน,15:43:42,15.728,2
2026-08-04,26 3C AB 41,นานมิเงิน,06:54:29,6.908,1
2026-08-04,26 3C AB 41,นานมิเงิน,15:38:30,15.642,2
2026-08-05,26 3C AB 41,นานมิเงิน,06:41:41,6.695,1
2026-08-05,26 3C AB 41,นานมิเงิน,15:41:31,15.692,2
2026-08-06,26 3C AB 41,นานมิเงิน,06:43:44,6.729,1
2026-08-06,26 3C AB 41,นานมิเงิน,15:32:29,15.541,2
2026-08-07,26 3C AB 41,นานมิเงิน,15:32:37,15.544,1
2026-08-09,26 3C AB 41,นานมิเงิน,06:56:21,6.939,1
2026-08-09,26 3C AB 41,นานมิเงิน,15:27:11,15.453,2
2026-08-10,26 3C AB 41,นานมิเงิน,06:46:40,6.778,1
2026-08-10,26 3C AB 41,นานมิเงิน,15:45:23,15.756,2
2026-08-11,26 3C AB 41,นานมิเงิน,15:35:19,15.589,1
2026-08-13,26 3C AB 41,นานมิเงิน,15:43:50,15.731,1
2026-08-14,26 3C AB 41,นานมิเงิน,06:45:12,6.753,1
2026-08-14,26 3C AB 41,นานมิเงิน,15:46:57,15.782,2
2026-08-15,26 3C AB 41,นานมิเงิน,07:04:20,7.072,1
2026-08-16,26 3C AB 41,นานมิเงิน,06:55:52,6.931,1
2026-08-16,26 3C AB 41,นานมิเงิน,15:43:15,15.721,2
2026-08-17,26 3C AB 41,นานมิเงิน,06:47:59,6.8,1
2026-08-18,26 3C AB 41,นานมิเงิน,15:54:20,15.906,1
2026-08-19,26 3C AB 41,นานมิเงิน,06:44:56,6.749,1
2026-08-20,26 3C AB 41,นานมิเงิน,15:34:17,15.571,1
2026-08-21,26 3C AB 41,นานมิเงิน,06:39:43,6.662,1
2026-08-21,26 3C AB 41,นานมิเงิน,15:39:23,15.656,2
2026-08-22,26 3C AB 41,นานมิเงิน,06:33:12,6.553,1
2026-08-22,26 3C AB 41,นานมิเงิน,15:32:18,15.538,2
2026-08-23,26 3C AB 41,นานมิเงิน,06:41:04,6.684,1
2026-08-24,26 3C AB 41,นานมิเงิน,06:44:21,6.739,1
2026-08-24,26 3C AB 41,นานมิเงิน,15:33:20,15.556,2
2026-08-26,26 3C AB 41,นานมิเงิน,15:49:55,15.832,1
2026-08-27,26 3C AB 41,นานมิเงิน,06:55:11,6.92,1
2026-08-27,26 3C AB 41,นานมิเงิน,15:52:06,15.868,2
2026-08-28,26 3C AB 41,นานมิเงิน,06:48:56,6.816,1
2026-08-28,26 3C AB 41,นานมิเงิน,15:33:43,15.562,2
2026-08-29,26 3C AB 41,นานมิเงิน,06:41:48,6.697,1
2026-09-01,26 3C AB 41,นานมิเงิน,06:47:55,6.799,1
2026-09-01,26 3C AB 41,นานมิเงิน,15:40:32,15.676,2
2026-09-03,26 3C AB 41,นานมิเงิน,15:47:51,15.798,1
2026-09-04,26 3C AB 41,นานมิเงิน,06:45:11,6.753,1
2026-09-04,26 3C AB 41,นานมิเงิน,15:37:56,15.632,2
2026-09-05,26 3C AB 41,นานมิเงิน,06:54:42,6.912,1
2026-09-06,26 3C AB 41,นานมิเงิน,06:48:14,6.804,1
2026-09-06,26 3C AB 41,นานมิเงิน,15:40:40,15.678,2
2026-09-08,26 3C AB 41,นานมิเงิน,06:51:17,6.855,1
2026-09-08,26 3C AB 41,นานมิเงิน,15:51:14,15.854,2
2026-09-09,26 3C AB 41,นานมิเงิน,06:57:16,6.954,1
2026-09-09,26 3C AB 41,นานมิเงิน,15:30:59,15.516,2
2026-09-10,26 3C AB 41,นานมิเงิน,06:44:13,6.737,1
2026-09-10,26 3C AB 41,นานมิเงิน,15:42:03,15.701,2
2026-09-11,26 3C AB 41,นานมิเงิน,06:52:18,6.872,1
2026-09-12,26 3C AB 41,นานมิเงิน,06:42:58,6.716,1
2026-09-12,26 3C AB 41,นานมิเงิน,15:34:21,15.572,2
2026-09-14,26 3C AB 41,นานมิเงิน,06:56:45,6.946,1
2026-09-14,26 3C AB 41,นานมิเงิน,15:46:12,15.77,2
2026-09-15,26 3C AB 41,นานมิเงิน,06:57:42,6.962,1
2026-09-15,26 3C AB 41,นานมิเงิน,15:47:37,15.794,2
2026-09-16,26 3C AB 41,นานมิเงิน,06:47:24,6.79,1
2026-09-17,26 3C AB 41,นานมิเงิน,06:52:13,6.87,1
2026-09-17,26 3C AB 41,นานมิเงิน,15:57:18,15.955,2
2026-09-18,26 3C AB 41,นานมิเงิน,06:56:33,6.942,1
2026-09-18,26 3C AB 41,นานมิเงิน,15:39:45,15.662,2
2026-09-19,26 3C AB 41,นานมิเงิน,06:52:14,6.871,1
2026-09-19,26 3C AB 41,นานมิเงิน,15:36:58,15.616,2
2026-09-20,26 3C AB 41,นานมิเงิน,06:52:04,6.868,1
2026-09-20,26 3C AB 41,นานมิเงิน,15:32:35,15.543,2
2026-09-21,26 3C AB 41,นานมิเงิน,07:00:07,7.002,1
2026-09-21,26 3C AB 41,นานมิเงิน,16:17:25,16.29,2
2026-09-22,26 3C AB 41,นานมิเงิน,06:47:00,6.783,1
2026-09-22,26 3C AB 41,นานมิเงิน,15:34:11,15.57,2
2026-09-23,26 3C AB 41,นานมิเงิน,06:53:49,6.897,1
2026-09-23,26 3C AB 41,นานมิเงิน,15:40:49,15.68,2
2026-09-24,26 3C AB 41,นานมิเงิน,06:52:17,6.871,1
2026-06-01,53 17 6A 1A,บูออ,17:00:56,17.016,1
2026-06-02,53 17 6A 1A,บูออ,06:28:31,6.475,1
2026-06-02,53 17 6A 1A,บูออ,12:03:25,12.057,2
2026-06-02,53 17 6A 1A,บูออ,13:01:17,13.021,3
2026-06-02,53 17 6A 1A,บูออ,17:02:01,17.034,4
2026-06-03,53 17 6A 1A,บูออ,11:01:29,11.025,1
2026-06-03,53 17 6A 1A,บูออ,16:03:16,16.054,2
2026-06-03,53 17 6A 1A,บูออ,17:01:57,17.032,3
2026-06-03,53 17 6A 1A,บูออ,20:02:48,20.047,4
2026-06-04,53 17 6A 1A,บูออ,07:01:54,7.032,1
2026-06-04,53 17 6A 1A,บูออ,12:03:20,12.056,2
2026-06-04,53 17 6A 1A,บูออ,13:03:52,13.064,3
2026-06-04,53 17 6A 1A,บูออ,17:02:46,17.046,4
2026-06-05,53 17 6A 1A,บูออ,12:01:46,12.029,1
2026-06-05,53 17 6A 1A,บูออ,13:02:15,13.038,2
2026-06-05,53 17 6A 1A,บูออ,16:02:10,16.036,3
2026-06-05,53 17 6A 1A,บูออ,17:00:39,17.011,4
2026-06-05,53 17 6A 1A,บูออ,20:04:16,20.071,5
2026-06-06,53 17 6A 1A,บูออ,06:30:46,6.513,1
2026-06-06,53 17 6A 1A,บูออ,12:02:51,12.048,2
2026-06-06,53 17 6A 1A,บูออ,13:03:44,13.062,3
2026-06-06,53 17 6A 1A,บูออ,17:01:26,17.024,4
2026-06-08,53 17 6A 1A,บูออ,06:30:04,6.501,1
2026-06-08,53 17 6A 1A,บูออ,12:03:44,12.062,2
2026-06-08,53 17 6A 1A,บูออ,13:03:37,13.06,3
2026-06-08,53 17 6A 1A,บูออ,17:01:41,17.028,4
2026-06-09,53 17 6A 1A,บูออ,06:32:44,6.546,1
2026-06-09,53 17 6A 1A,บูออ,12:02:01,12.034,2
2026-06-09,53 17 6A 1A,บูออ,13:01:42,13.028,3
2026-06-09,53 17 6A 1A,บูออ,17:02:55,17.049,4
2026-06-10,53 17 6A 1A,บูออ,10:58:49,10.98,1
2026-06-10,53 17 6A 1A,บูออ,16:02:01,16.034,2
2026-06-10,53 17 6A 1A,บูออ,17:01:19,17.022,3
2026-06-10,53 17 6A 1A,บูออ,20:01:32,20.026,4
2026-06-11,53 17 6A 1A,บูออ,07:01:27,7.024,1
2026-06-11,53 17 6A 1A,บูออ,12:03:07,12.052,2
2026-06-11,53 17 6A 1A,บูออ,13:03:03,13.051,3
2026-06-11,53 17 6A 1A,บูออ,17:01:55,17.032,4
2026-06-12,53 17 6A 1A,บูออ,07:01:29,7.025,1
2026-06-12,53 17 6A 1A,บูออ,12:02:58,12.049,2
2026-06-12,53 17 6A 1A,บูออ,13:02:05,13.035,3
2026-06-12,53 17 6A 1A,บูออ,16:01:52,16.031,4
2026-06-12,53 17 6A 1A,บูออ,17:03:04,17.051,5
2026-06-12,53 17 6A 1A,บูออ,20:02:03,20.034,6
2026-06-13,53 17 6A 1A,บูออ,06:30:16,6.504,1
2026-06-13,53 17 6A 1A,บูออ,12:02:33,12.042,2
2026-06-13,53 17 6A 1A,บูออ,13:04:01,13.067,3
2026-06-13,53 17 6A 1A,บูออ,17:04:09,17.069,4
2026-06-15,53 17 6A 1A,บูออ,06:32:00,6.533,1
2026-06-15,53 17 6A 1A,บูออ,13:02:03,13.034,2
2026-06-15,53 17 6A 1A,บูออ,17:07:06,17.118,3
2026-06-16,53 17 6A 1A,บูออ,06:33:37,6.56,1
2026-06-16,53 17 6A 1A,บูออ,12:03:42,12.062,2
2026-06-16,53 17 6A 1A,บูออ,13:02:58,13.049,3
2026-06-16,53 17 6A 1A,บูออ,17:01:35,17.026,4
2026-06-17,53 17 6A 1A,บูออ,11:01:24,11.023,1
2026-06-17,53 17 6A 1A,บูออ,16:01:30,16.025,2
2026-06-17,53 17 6A 1A,บูออ,17:04:20,17.072,3
2026-06-18,53 17 6A 1A,บูออ,17:01:28,17.024,1
2026-06-18,53 17 6A 1A,บูออ,20:02:05,20.035,2
2026-06-19,53 17 6A 1A,บูออ,06:58:36,6.977,1
2026-06-19,53 17 6A 1A,บูออ,12:05:34,12.093,2
2026-06-19,53 17 6A 1A,บูออ,13:03:11,13.053,3
2026-06-19,53 17 6A 1A,บูออ,16:04:27,16.074,4
2026-06-19,53 17 6A 1A,บูออ,17:01:45,17.029,5
2026-06-19,53 17 6A 1A,บูออ,20:02:40,20.044,6
2026-06-20,53 17 6A 1A,บูออ,06:29:37,6.494,1
2026-06-20,53 17 6A 1A,บูออ,17:03:33,17.059,2
2026-06-22,53 17 6A 1A,บูออ,06:30:55,6.515,1
2026-06-22,53 17 6A 1A,บูออ,12:02:05,12.035,2
2026-06-22,53 17 6A 1A,บูออ,13:01:50,13.031,3
2026-06-22,53 17 6A 1A,บูออ,17:04:44,17.079,4
2026-06-23,53 17 6A 1A,บูออ,06:31:52,6.531,1
2026-06-23,53 17 6A 1A,บูออ,12:03:07,12.052,2
2026-06-23,53 17 6A 1A,บูออ,13:02:47,13.046,3
2026-06-23,53 17 6A 1A,บูออ,17:04:16,17.071,4
2026-06-24,53 17 6A 1A,บูออ,10:59:31,10.992,1
2026-06-24,53 17 6A 1A,บูออ,15:00:17,15.005,2
2026-06-24,53 17 6A 1A,บูออ,16:02:13,16.037,3
2026-06-24,53 17 6A 1A,บูออ,20:44:40,20.744,4
2026-06-25,53 17 6A 1A,บูออ,07:02:13,7.037,1
2026-06-25,53 17 6A 1A,บูออ,12:05:27,12.091,2
2026-06-25,53 17 6A 1A,บูออ,13:04:16,13.071,3
2026-06-25,53 17 6A 1A,บูออ,15:04:42,15.078,4
2026-06-25,53 17 6A 1A,บูออ,16:04:15,16.071,5
2026-06-25,53 17 6A 1A,บูออ,20:00:48,20.013,6
2026-06-26,53 17 6A 1A,บูออ,07:00:55,7.015,1
2026-06-26,53 17 6A 1A,บูออ,12:05:13,12.087,2
2026-06-26,53 17 6A 1A,บูออ,13:02:43,13.045,3
2026-06-26,53 17 6A 1A,บูออ,16:01:55,16.032,4
2026-06-26,53 17 6A 1A,บูออ,17:01:05,17.018,5
2026-06-26,53 17 6A 1A,บูออ,20:02:12,20.037,6
2026-06-27,53 17 6A 1A,บูออ,06:28:53,6.481,1
2026-06-27,53 17 6A 1A,บูออ,12:03:13,12.054,2
2026-06-27,53 17 6A 1A,บูออ,13:02:42,13.045,3
2026-06-27,53 17 6A 1A,บูออ,17:04:53,17.081,4
2026-06-29,53 17 6A 1A,บูออ,06:33:04,6.551,1
2026-06-29,53 17 6A 1A,บูออ,12:03:23,12.056,2
2026-06-29,53 17 6A 1A,บูออ,13:03:22,13.056,3
2026-06-29,53 17 6A 1A,บูออ,17:02:14,17.037,4
2026-06-30,53 17 6A 1A,บูออ,06:33:13,6.554,1
2026-06-30,53 17 6A 1A,บูออ,12:04:35,12.076,2
2026-06-30,53 17 6A 1A,บูออ,13:04:28,13.074,3
2026-06-30,53 17 6A 1A,บูออ,17:02:17,17.038,4
2026-07-01,53 17 6A 1A,บูออ,10:58:29,10.975,1
2026-07-01,53 17 6A 1A,บูออ,15:55:25,15.924,2
2026-07-01,53 17 6A 1A,บูออ,17:02:25,17.04,3
2026-07-01,53 17 6A 1A,บูออ,20:49:14,20.821,4
2026-07-02,53 17 6A 1A,บูออ,07:04:23,7.073,1
2026-07-02,53 17 6A 1A,บูออ,12:01:16,12.021,2
2026-07-02,53 17 6A 1A,บูออ,13:04:47,13.08,3
2026-07-02,53 17 6A 1A,บูออ,16:01:47,16.03,4
2026-07-02,53 17 6A 1A,บูออ,17:05:54,17.098,5
2026-07-02,53 17 6A 1A,บูออ,20:01:00,20.017,6
2026-07-03,53 17 6A 1A,บูออ,07:08:58,7.149,1
2026-07-03,53 17 6A 1A,บูออ,12:02:45,12.046,2
2026-07-03,53 17 6A 1A,บูออ,12:59:28,12.991,3
2026-07-03,53 17 6A 1A,บูออ,17:02:58,17.049,4
2026-07-03,53 17 6A 1A,บูออ,20:03:09,20.053,5
2026-07-06,53 17 6A 1A,บูออ,12:05:43,12.095,1
2026-07-06,53 17 6A 1A,บูออ,13:01:39,13.028,2
2026-07-06,53 17 6A 1A,บูออ,17:02:23,17.04,3
2026-07-07,53 17 6A 1A,บูออ,06:31:46,6.529,1
2026-07-07,53 17 6A 1A,บูออ,12:05:34,12.093,2
2026-07-07,53 17 6A 1A,บูออ,13:05:56,13.099,3
2026-07-07,53 17 6A 1A,บูออ,17:03:43,17.062,4
2026-07-08,53 17 6A 1A,บูออ,09:02:43,9.045,1
2026-07-08,53 17 6A 1A,บูออ,12:04:36,12.077,2
2026-07-08,53 17 6A 1A,บูออ,13:05:29,13.091,3
2026-07-08,53 17 6A 1A,บูออ,16:01:05,16.018,4
2026-07-08,53 17 6A 1A,บูออ,17:04:21,17.072,5
2026-07-08,53 17 6A 1A,บูออ,20:45:08,20.752,6
2026-07-09,53 17 6A 1A,บูออ,07:02:34,7.043,1
2026-07-09,53 17 6A 1A,บูออ,12:01:17,12.021,2
2026-07-09,53 17 6A 1A,บูออ,13:06:55,13.115,3
2026-07-09,53 17 6A 1A,บูออ,16:02:11,16.036,4
2026-07-09,53 17 6A 1A,บูออ,17:03:41,17.061,5
2026-07-09,53 17 6A 1A,บูออ,20:02:15,20.038,6
2026-07-10,53 17 6A 1A,บูออ,07:05:48,7.097,1
2026-07-10,53 17 6A 1A,บูออ,12:03:29,12.058,2
2026-07-10,53 17 6A 1A,บูออ,13:02:14,13.037,3
2026-07-10,53 17 6A 1A,บูออ,16:01:29,16.025,4
2026-07-10,53 17 6A 1A,บูออ,17:05:14,17.087,5
2026-07-10,53 17 6A 1A,บูออ,20:01:56,20.032,6
2026-07-11,53 17 6A 1A,บูออ,06:32:41,6.545,1
2026-07-11,53 17 6A 1A,บูออ,12:01:20,12.022,2
2026-07-11,53 17 6A 1A,บูออ,13:03:47,13.063,3
2026-07-11,53 17 6A 1A,บูออ,17:06:41,17.111,4
2026-07-13,53 17 6A 1A,บูออ,07:00:40,7.011,1
2026-07-13,53 17 6A 1A,บูออ,12:02:51,12.048,2
2026-07-13,53 17 6A 1A,บูออ,12:59:22,12.989,3
2026-07-13,53 17 6A 1A,บูออ,17:04:43,17.079,4
2026-07-14,53 17 6A 1A,บูออ,06:31:50,6.531,1
2026-07-14,53 17 6A 1A,บูออ,12:04:08,12.069,2
2026-07-14,53 17 6A 1A,บูออ,13:02:59,13.05,3
2026-07-14,53 17 6A 1A,บูออ,17:03:13,17.054,4
2026-07-15,53 17 6A 1A,บูออ,11:02:40,11.044,1
2026-07-15,53 17 6A 1A,บูออ,17:03:26,17.057,2
2026-07-15,53 17 6A 1A,บูออ,20:41:33,20.692,3
2026-07-16,53 17 6A 1A,บูออ,12:02:10,12.036,1
2026-07-16,53 17 6A 1A,บูออ,13:04:56,13.082,2
2026-07-16,53 17 6A 1A,บูออ,16:03:04,16.051,3
2026-07-16,53 17 6A 1A,บูออ,17:02:16,17.038,4
2026-07-16,53 17 6A 1A,บูออ,20:04:44,20.079,5
2026-07-17,53 17 6A 1A,บูออ,06:30:42,6.512,1
2026-07-17,53 17 6A 1A,บูออ,12:05:58,12.099,2
2026-07-17,53 17 6A 1A,บูออ,13:04:16,13.071,3
2026-07-19,53 17 6A 1A,บูออ,06:33:16,6.554,1
2026-07-19,53 17 6A 1A,บูออ,12:01:20,12.022,2
2026-07-19,53 17 6A 1A,บูออ,13:03:56,13.066,3
2026-07-19,53 17 6A 1A,บูออ,17:02:23,17.04,4
2026-07-20,53 17 6A 1A,บูออ,06:31:51,6.531,1
2026-07-20,53 17 6A 1A,บูออ,12:02:42,12.045,2
2026-07-20,53 17 6A 1A,บูออ,13:04:06,13.068,3
2026-07-20,53 17 6A 1A,บูออ,17:05:18,17.088,4
2026-07-21,53 17 6A 1A,บูออ,06:31:43,6.529,1
2026-07-21,53 17 6A 1A,บูออ,12:03:37,12.06,2
2026-07-21,53 17 6A 1A,บูออ,13:03:36,13.06,3
2026-07-21,53 17 6A 1A,บูออ,17:01:31,17.025,4
2026-07-23,53 17 6A 1A,บูออ,06:56:25,6.94,1
2026-07-23,53 17 6A 1A,บูออ,12:04:34,12.076,2
2026-07-23,53 17 6A 1A,บูออ,16:00:45,16.012,3
2026-07-23,53 17 6A 1A,บูออ,17:04:34,17.076,4
2026-07-23,53 17 6A 1A,บูออ,20:02:21,20.039,5
2026-07-24,53 17 6A 1A,บูออ,06:34:40,6.578,1
2026-07-24,53 17 6A 1A,บูออ,11:03:52,11.064,2
2026-07-24,53 17 6A 1A,บูออ,12:02:30,12.042,3
2026-07-24,53 17 6A 1A,บูออ,17:05:22,17.089,4
2026-07-25,53 17 6A 1A,บูออ,11:02:21,11.039,1
2026-07-25,53 17 6A 1A,บูออ,16:00:50,16.014,2
2026-07-25,53 17 6A 1A,บูออ,17:01:48,17.03,3
2026-07-25,53 17 6A 1A,บูออ,20:02:15,20.038,4
2026-07-26,53 17 6A 1A,บูออ,07:04:23,7.073,1
2026-07-26,53 17 6A 1A,บูออ,12:01:45,12.029,2
2026-07-26,53 17 6A 1A,บูออ,13:01:48,13.03,3
2026-07-26,53 17 6A 1A,บูออ,16:00:47,16.013,4
2026-07-26,53 17 6A 1A,บูออ,17:02:23,17.04,5
2026-07-26,53 17 6A 1A,บูออ,20:01:52,20.031,6
2026-07-27,53 17 6A 1A,บูออ,06:32:57,6.549,1
2026-07-27,53 17 6A 1A,บูออ,11:03:18,11.055,2
2026-07-27,53 17 6A 1A,บูออ,12:03:19,12.055,3
2026-07-27,53 17 6A 1A,บูออ,17:02:06,17.035,4
2026-07-28,53 17 6A 1A,บูออ,06:34:12,6.57,1
2026-07-28,53 17 6A 1A,บูออ,11:02:15,11.038,2
2026-07-28,53 17 6A 1A,บูออ,12:02:51,12.048,3
2026-07-29,53 17 6A 1A,บูออ,11:01:06,11.018,1
2026-07-29,53 17 6A 1A,บูออ,16:03:17,16.055,2
2026-07-29,53 17 6A 1A,บูออ,17:04:16,17.071,3
2026-07-29,53 17 6A 1A,บูออ,20:46:44,20.779,4
2026-07-30,53 17 6A 1A,บูออ,11:02:06,11.035,1
2026-07-30,53 17 6A 1A,บูออ,12:04:41,12.078,2
2026-07-30,53 17 6A 1A,บูออ,15:00:43,15.012,3
2026-07-30,53 17 6A 1A,บูออ,16:03:10,16.053,4
2026-07-30,53 17 6A 1A,บูออ,20:01:54,20.032,5
2026-07-31,53 17 6A 1A,บูออ,07:07:35,7.126,1
2026-07-31,53 17 6A 1A,บูออ,11:00:32,11.009,2
2026-07-31,53 17 6A 1A,บูออ,12:02:39,12.044,3
2026-07-31,53 17 6A 1A,บูออ,16:02:08,16.036,4
2026-07-31,53 17 6A 1A,บูออ,17:02:48,17.047,5
2026-07-31,53 17 6A 1A,บูออ,20:01:33,20.026,6
2026-08-01,53 17 6A 1A,บูออ,06:33:31,6.559,1
2026-08-01,53 17 6A 1A,บูออ,11:01:11,11.02,2
2026-08-01,53 17 6A 1A,บูออ,12:01:59,12.033,3
2026-08-01,53 17 6A 1A,บูออ,17:01:20,17.022,4
2026-08-03,53 17 6A 1A,บูออ,11:01:14,11.021,1
2026-08-03,53 17 6A 1A,บูออ,12:04:02,12.067,2
2026-08-03,53 17 6A 1A,บูออ,17:02:43,17.045,3
2026-08-04,53 17 6A 1A,บูออ,06:33:24,6.557,1
2026-08-04,53 17 6A 1A,บูออ,11:02:59,11.05,2
2026-08-04,53 17 6A 1A,บูออ,12:03:13,12.054,3
2026-08-04,53 17 6A 1A,บูออ,17:03:10,17.053,4
2026-08-05,53 17 6A 1A,บูออ,11:04:38,11.077,1
2026-08-05,53 17 6A 1A,บูออ,15:02:24,15.04,2
2026-08-05,53 17 6A 1A,บูออ,16:03:31,16.059,3
2026-08-05,53 17 6A 1A,บูออ,20:40:41,20.678,4
2026-08-06,53 17 6A 1A,บูออ,07:04:19,7.072,1
2026-08-06,53 17 6A 1A,บูออ,11:00:51,11.014,2
2026-08-06,53 17 6A 1A,บูออ,12:02:27,12.041,3
2026-08-06,53 17 6A 1A,บูออ,16:05:05,16.085,4
2026-08-06,53 17 6A 1A,บูออ,17:08:28,17.141,5
2026-08-06,53 17 6A 1A,บูออ,20:00:53,20.015,6
2026-08-07,53 17 6A 1A,บูออ,07:03:54,7.065,1
2026-08-07,53 17 6A 1A,บูออ,12:01:23,12.023,2
2026-08-07,53 17 6A 1A,บูออ,15:01:56,15.032,3
2026-08-07,53 17 6A 1A,บูออ,16:04:34,16.076,4
2026-08-07,53 17 6A 1A,บูออ,20:00:32,20.009,5
2026-08-08,53 17 6A 1A,บูออ,06:33:27,6.558,1
2026-08-08,53 17 6A 1A,บูออ,11:00:56,11.016,2
2026-08-08,53 17 6A 1A,บูออ,17:03:06,17.052,3
2026-08-10,53 17 6A 1A,บูออ,06:33:38,6.561,1
2026-08-10,53 17 6A 1A,บูออ,11:02:38,11.044,2
2026-08-10,53 17 6A 1A,บูออ,12:05:09,12.086,3
2026-08-10,53 17 6A 1A,บูออ,17:05:03,17.084,4
2026-08-11,53 17 6A 1A,บูออ,11:00:35,11.01,1
2026-08-11,53 17 6A 1A,บูออ,12:05:38,12.094,2
2026-08-13,53 17 6A 1A,บูออ,11:00:10,11.003,1
2026-08-13,53 17 6A 1A,บูออ,12:02:38,12.044,2
2026-08-13,53 17 6A 1A,บูออ,17:01:32,17.026,3
2026-08-14,53 17 6A 1A,บูออ,07:04:09,7.069,1
2026-08-14,53 17 6A 1A,บูออ,12:02:03,12.034,2
2026-08-14,53 17 6A 1A,บูออ,15:00:18,15.005,3
2026-08-14,53 17 6A 1A,บูออ,16:03:52,16.064,4
2026-08-17,53 17 6A 1A,บูออ,06:34:08,6.569,1
2026-08-17,53 17 6A 1A,บูออ,11:00:54,11.015,2
2026-08-19,53 17 6A 1A,บูออ,11:00:08,11.002,1
2026-08-19,53 17 6A 1A,บูออ,16:03:04,16.051,2
2026-08-20,53 17 6A 1A,บูออ,06:34:39,6.578,1
2026-08-20,53 17 6A 1A,บูออ,11:00:35,11.01,2
2026-08-20,53 17 6A 1A,บูออ,17:02:30,17.042,3
2026-08-21,53 17 6A 1A,บูออ,07:05:25,7.09,1
2026-08-21,53 17 6A 1A,บูออ,11:02:07,11.035,2
2026-08-21,53 17 6A 1A,บูออ,12:02:47,12.046,3
2026-08-21,53 17 6A 1A,บูออ,15:01:28,15.024,4
2026-08-21,53 17 6A 1A,บูออ,16:03:29,16.058,5
2026-08-21,53 17 6A 1A,บูออ,20:01:53,20.031,6
2026-08-22,53 17 6A 1A,บูออ,06:36:19,6.605,1
2026-08-22,53 17 6A 1A,บูออ,11:01:03,11.018,2
2026-08-22,53 17 6A 1A,บูออ,12:04:38,12.077,3
2026-08-22,53 17 6A 1A,บูออ,17:00:27,17.008,4
2026-08-24,53 17 6A 1A,บูออ,06:32:41,6.545,1
2026-08-24,53 17 6A 1A,บูออ,11:01:37,11.027,2
2026-08-24,53 17 6A 1A,บูออ,12:02:25,12.04,3
2026-08-24,53 17 6A 1A,บูออ,17:02:51,17.048,4
2026-08-26,53 17 6A 1A,บูออ,17:04:27,17.074,1
2026-08-27,53 17 6A 1A,บูออ,06:35:52,6.598,1
2026-08-27,53 17 6A 1A,บูออ,12:04:48,12.08,2
2026-08-27,53 17 6A 1A,บูออ,17:01:12,17.02,3
2026-08-28,53 17 6A 1A,บูออ,07:05:30,7.092,1
2026-08-28,53 17 6A 1A,บูออ,11:01:45,11.029,2
2026-08-28,53 17 6A 1A,บูออ,12:03:08,12.052,3
2026-08-28,53 17 6A 1A,บูออ,15:00:07,15.002,4
2026-08-28,53 17 6A 1A,บูออ,20:02:11,20.036,5
2026-08-29,53 17 6A 1A,บูออ,06:33:09,6.552,1
2026-08-29,53 17 6A 1A,บูออ,11:03:24,11.057,2
2026-08-29,53 17 6A 1A,บูออ,12:08:54,12.148,3
2026-08-29,53 17 6A 1A,บูออ,17:02:36,17.043,4
2026-08-31,53 17 6A 1A,บูออ,12:08:27,12.141,1
2026-08-31,53 17 6A 1A,บูออ,17:06:27,17.108,2
2026-09-01,53 17 6A 1A,บูออ,06:35:26,6.591,1
2026-09-01,53 17 6A 1A,บูออ,11:00:36,11.01,2
2026-09-02,53 17 6A 1A,บูออ,11:02:11,11.036,1
2026-09-02,53 17 6A 1A,บูออ,15:01:36,15.027,2
2026-09-02,53 17 6A 1A,บูออ,16:03:20,16.056,3
2026-09-02,53 17 6A 1A,บูออ,20:00:39,20.011,4
2026-09-03,53 17 6A 1A,บูออ,06:33:43,6.562,1
2026-09-03,53 17 6A 1A,บูออ,11:00:57,11.016,2
2026-09-03,53 17 6A 1A,บูออ,12:03:30,12.058,3
2026-09-03,53 17 6A 1A,บูออ,17:01:29,17.025,4
2026-09-04,53 17 6A 1A,บูออ,07:06:46,7.113,1
2026-09-04,53 17 6A 1A,บูออ,11:02:07,11.035,2
2026-09-04,53 17 6A 1A,บูออ,12:03:05,12.051,3
2026-09-04,53 17 6A 1A,บูออ,15:00:43,15.012,4
2026-09-04,53 17 6A 1A,บูออ,16:05:06,16.085,5
2026-09-04,53 17 6A 1A,บูออ,20:00:37,20.01,6
2026-09-05,53 17 6A 1A,บูออ,06:34:12,6.57,1
2026-09-07,53 17 6A 1A,บูออ,06:35:00,6.583,1
2026-09-07,53 17 6A 1A,บูออ,11:03:20,11.056,2
2026-09-07,53 17 6A 1A,บูออ,12:03:17,12.055,3
2026-09-07,53 17 6A 1A,บูออ,17:02:45,17.046,4
2026-09-08,53 17 6A 1A,บูออ,06:32:27,6.541,1
2026-09-08,53 17 6A 1A,บูออ,11:00:11,11.003,2
2026-09-08,53 17 6A 1A,บูออ,17:01:01,17.017,3
2026-09-09,53 17 6A 1A,บูออ,11:02:27,11.041,1
2026-09-09,53 17 6A 1A,บูออ,15:00:08,15.002,2
2026-09-09,53 17 6A 1A,บูออ,20:01:05,20.018,3
2026-09-10,53 17 6A 1A,บูออ,06:34:51,6.581,1
2026-09-10,53 17 6A 1A,บูออ,11:00:19,11.005,2
2026-09-10,53 17 6A 1A,บูออ,12:03:27,12.058,3
2026-09-10,53 17 6A 1A,บูออ,17:01:00,17.017,4
2026-09-11,53 17 6A 1A,บูออ,07:07:20,7.122,1
2026-09-11,53 17 6A 1A,บูออ,12:03:21,12.056,2
2026-09-11,53 17 6A 1A,บูออ,15:01:32,15.026,3
2026-09-11,53 17 6A 1A,บูออ,16:02:25,16.04,4
2026-09-11,53 17 6A 1A,บูออ,20:00:58,20.016,5
2026-09-12,53 17 6A 1A,บูออ,06:35:55,6.599,1
2026-09-12,53 17 6A 1A,บูออ,12:02:23,12.04,2
2026-09-12,53 17 6A 1A,บูออ,17:00:45,17.012,3
2026-09-14,53 17 6A 1A,บูออ,06:32:06,6.535,1
2026-09-14,53 17 6A 1A,บูออ,11:00:28,11.008,2
2026-09-14,53 17 6A 1A,บูออ,12:03:25,12.057,3
2026-09-14,53 17 6A 1A,บูออ,17:00:41,17.011,4
2026-09-15,53 17 6A 1A,บูออ,06:32:15,6.538,1
2026-09-15,53 17 6A 1A,บูออ,11:01:07,11.019,2
2026-09-15,53 17 6A 1A,บูออ,12:02:38,12.044,3
2026-09-15,53 17 6A 1A,บูออ,17:01:10,17.019,4
2026-09-16,53 17 6A 1A,บูออ,11:01:25,11.024,1
2026-09-16,53 17 6A 1A,บูออ,15:00:21,15.006,2
2026-09-17,53 17 6A 1A,บูออ,06:35:00,6.583,1
2026-09-17,53 17 6A 1A,บูออ,11:01:19,11.022,2
2026-09-17,53 17 6A 1A,บูออ,12:03:15,12.054,3
2026-09-17,53 17 6A 1A,บูออ,17:00:52,17.014,4
2026-09-18,53 17 6A 1A,บูออ,07:04:48,7.08,1
2026-09-18,53 17 6A 1A,บูออ,11:01:14,11.021,2
2026-09-18,53 17 6A 1A,บูออ,12:02:52,12.048,3
2026-09-18,53 17 6A 1A,บูออ,15:01:44,15.029,4
2026-09-18,53 17 6A 1A,บูออ,16:02:43,16.045,5
2026-09-18,53 17 6A 1A,บูออ,20:00:36,20.01,6
2026-09-19,53 17 6A 1A,บูออ,06:36:52,6.614,1
2026-09-19,53 17 6A 1A,บูออ,11:01:07,11.019,2
2026-09-19,53 17 6A 1A,บูออ,12:05:23,12.09,3
2026-09-19,53 17 6A 1A,บูออ,17:02:18,17.038,4
2026-09-21,53 17 6A 1A,บูออ,06:36:08,6.602,1
2026-09-21,53 17 6A 1A,บูออ,12:04:37,12.077,2
2026-09-21,53 17 6A 1A,บูออ,17:01:16,17.021,3
2026-09-22,53 17 6A 1A,บูออ,06:37:49,6.63,1
2026-09-22,53 17 6A 1A,บูออ,12:03:10,12.053,2
2026-09-22,53 17 6A 1A,บูออ,17:02:18,17.038,3
2026-09-23,53 17 6A 1A,บูออ,11:00:58,11.016,1
2026-09-23,53 17 6A 1A,บูออ,15:00:47,15.013,2
2026-09-23,53 17 6A 1A,บูออ,16:03:50,16.064,3
2026-09-23,53 17 6A 1A,บูออ,20:01:00,20.017,4
2026-09-24,53 17 6A 1A,บูออ,06:33:15,6.554,1
2026-09-24,53 17 6A 1A,บูออ,11:01:39,11.028,2
2026-06-08,29 D7 A4 41,พัชราภรณ์,16:30:40,16.511,1
2026-06-08,29 D7 A4 41,พัชราภรณ์,20:03:40,20.061,2
2026-06-09,29 D7 A4 41,พัชราภรณ์,17:01:12,17.02,1
2026-06-09,29 D7 A4 41,พัชราภรณ์,20:43:13,20.72,2
2026-06-10,29 D7 A4 41,พัชราภรณ์,16:36:49,16.614,1
2026-06-10,29 D7 A4 41,พัชราภรณ์,20:51:13,20.854,2
2026-06-11,29 D7 A4 41,พัชราภรณ์,17:37:04,17.618,1
2026-06-11,29 D7 A4 41,พัชราภรณ์,20:42:16,20.704,2
2026-06-16,29 D7 A4 41,พัชราภรณ์,16:26:31,16.442,1
2026-06-16,29 D7 A4 41,พัชราภรณ์,20:45:52,20.764,2
2026-06-17,29 D7 A4 41,พัชราภรณ์,17:48:35,17.81,1
2026-06-18,29 D7 A4 41,พัชราภรณ์,20:44:56,20.749,1
2026-06-19,29 D7 A4 41,พัชราภรณ์,06:32:17,6.538,1
2026-06-19,29 D7 A4 41,พัชราภรณ์,14:34:13,14.57,2
2026-06-21,29 D7 A4 41,พัชราภรณ์,15:56:27,15.941,1
2026-06-21,29 D7 A4 41,พัชราภรณ์,20:46:24,20.773,2
2026-06-23,29 D7 A4 41,พัชราภรณ์,17:24:47,17.413,1
2026-06-23,29 D7 A4 41,พัชราภรณ์,20:45:55,20.765,2
2026-06-26,29 D7 A4 41,พัชราภรณ์,16:35:11,16.586,1
2026-06-26,29 D7 A4 41,พัชราภรณ์,20:47:42,20.795,2
2026-06-27,29 D7 A4 41,พัชราภรณ์,16:56:49,16.947,1
2026-06-27,29 D7 A4 41,พัชราภรณ์,20:43:35,20.726,2
2026-06-29,29 D7 A4 41,พัชราภรณ์,06:29:12,6.487,1
2026-06-29,29 D7 A4 41,พัชราภรณ์,14:33:24,14.557,2
2026-06-30,29 D7 A4 41,พัชราภรณ์,17:03:49,17.064,1
2026-06-30,29 D7 A4 41,พัชราภรณ์,20:42:40,20.711,2
2026-07-01,29 D7 A4 41,พัชราภรณ์,17:03:06,17.052,1
2026-07-01,29 D7 A4 41,พัชราภรณ์,20:49:24,20.823,2
2026-07-06,29 D7 A4 41,พัชราภรณ์,16:29:01,16.484,1
2026-07-06,29 D7 A4 41,พัชราภรณ์,20:47:21,20.789,2
2026-07-07,29 D7 A4 41,พัชราภรณ์,15:57:13,15.954,1
2026-07-07,29 D7 A4 41,พัชราภรณ์,20:43:50,20.731,2
2026-07-08,29 D7 A4 41,พัชราภรณ์,15:55:53,15.931,1
2026-07-08,29 D7 A4 41,พัชราภรณ์,20:45:25,20.757,2
2026-07-09,29 D7 A4 41,พัชราภรณ์,16:31:14,16.521,1
2026-07-09,29 D7 A4 41,พัชราภรณ์,20:01:51,20.031,2
2026-07-10,29 D7 A4 41,พัชราภรณ์,17:06:33,17.109,1
2026-07-10,29 D7 A4 41,พัชราภรณ์,20:07:41,20.128,2
2026-07-11,29 D7 A4 41,พัชราภรณ์,16:30:20,16.506,1
2026-07-11,29 D7 A4 41,พัชราภรณ์,20:42:09,20.702,2
2026-07-12,29 D7 A4 41,พัชราภรณ์,16:31:12,16.52,1
2026-07-12,29 D7 A4 41,พัชราภรณ์,20:02:29,20.041,2
2026-07-14,29 D7 A4 41,พัชราภรณ์,16:31:53,16.531,1
2026-07-14,29 D7 A4 41,พัชราภรณ์,20:42:41,20.711,2
2026-07-15,29 D7 A4 41,พัชราภรณ์,16:24:45,16.412,1
2026-07-15,29 D7 A4 41,พัชราภรณ์,20:42:00,20.7,2
2026-07-22,29 D7 A4 41,พัชราภรณ์,16:30:01,16.5,1
2026-07-22,29 D7 A4 41,พัชราภรณ์,20:45:54,20.765,2
2026-07-23,29 D7 A4 41,พัชราภรณ์,16:31:17,16.521,1
2026-07-23,29 D7 A4 41,พัชราภรณ์,20:04:12,20.07,2
2026-07-24,29 D7 A4 41,พัชราภรณ์,16:25:48,16.43,1
2026-07-24,29 D7 A4 41,พัชราภรณ์,20:42:25,20.707,2
2026-07-25,29 D7 A4 41,พัชราภรณ์,05:56:10,5.936,1
2026-07-25,29 D7 A4 41,พัชราภรณ์,12:04:38,12.077,2
2026-08-01,29 D7 A4 41,พัชราภรณ์,17:33:43,17.562,1
2026-08-01,29 D7 A4 41,พัชราภรณ์,20:47:11,20.786,2
2026-08-04,29 D7 A4 41,พัชราภรณ์,16:37:18,16.622,1
2026-08-04,29 D7 A4 41,พัชราภรณ์,20:11:07,20.185,2
2026-08-05,29 D7 A4 41,พัชราภรณ์,17:05:36,17.093,1
2026-08-05,29 D7 A4 41,พัชราภรณ์,20:43:17,20.721,2
2026-08-08,29 D7 A4 41,พัชราภรณ์,17:29:33,17.492,1
2026-08-08,29 D7 A4 41,พัชราภรณ์,20:44:11,20.736,2
2026-08-09,29 D7 A4 41,พัชราภรณ์,17:29:46,17.496,1
2026-08-09,29 D7 A4 41,พัชราภรณ์,20:02:48,20.047,2
2026-08-14,29 D7 A4 41,พัชราภรณ์,17:01:26,17.024,1
2026-08-14,29 D7 A4 41,พัชราภรณ์,20:42:46,20.713,2
2026-08-18,29 D7 A4 41,พัชราภรณ์,16:57:07,16.952,1
2026-08-18,29 D7 A4 41,พัชราภรณ์,20:04:06,20.068,2
2026-08-19,29 D7 A4 41,พัชราภรณ์,17:03:04,17.051,1
2026-08-19,29 D7 A4 41,พัชราภรณ์,20:48:15,20.804,2
2026-08-20,29 D7 A4 41,พัชราภรณ์,16:33:40,16.561,1
2026-08-20,29 D7 A4 41,พัชราภรณ์,20:45:13,20.754,2
2026-08-21,29 D7 A4 41,พัชราภรณ์,06:31:42,6.528,1
2026-08-21,29 D7 A4 41,พัชราภรณ์,14:33:25,14.557,2
2026-08-22,29 D7 A4 41,พัชราภรณ์,17:01:45,17.029,1
2026-08-22,29 D7 A4 41,พัชราภรณ์,20:42:23,20.706,2
2026-08-23,29 D7 A4 41,พัชราภรณ์,17:51:15,17.854,1
2026-08-23,29 D7 A4 41,พัชราภรณ์,20:48:58,20.816,2
2026-08-24,29 D7 A4 41,พัชราภรณ์,16:34:50,16.581,1
2026-08-26,29 D7 A4 41,พัชราภรณ์,16:57:18,16.955,1
2026-08-26,29 D7 A4 41,พัชราภรณ์,20:40:39,20.678,2
2026-08-27,29 D7 A4 41,พัชราภรณ์,17:03:18,17.055,1
2026-08-27,29 D7 A4 41,พัชราภรณ์,20:00:43,20.012,2
2026-09-02,29 D7 A4 41,พัชราภรณ์,16:59:25,16.99,1
2026-09-02,29 D7 A4 41,พัชราภรณ์,20:43:48,20.73,2
2026-09-03,29 D7 A4 41,พัชราภรณ์,16:30:57,16.516,1
2026-09-03,29 D7 A4 41,พัชราภรณ์,20:41:52,20.698,2
2026-09-04,29 D7 A4 41,พัชราภรณ์,15:30:35,15.51,1
2026-09-04,29 D7 A4 41,พัชราภรณ์,20:01:24,20.023,2
2026-09-08,29 D7 A4 41,พัชราภรณ์,16:59:43,16.995,1
2026-09-09,29 D7 A4 41,พัชราภรณ์,16:29:31,16.492,1
2026-09-09,29 D7 A4 41,พัชราภรณ์,20:40:49,20.68,2
2026-09-15,29 D7 A4 41,พัชราภรณ์,17:05:05,17.085,1
2026-09-15,29 D7 A4 41,พัชราภรณ์,20:06:54,20.115,2
2026-09-19,29 D7 A4 41,พัชราภรณ์,16:32:11,16.536,1
2026-09-19,29 D7 A4 41,พัชราภรณ์,20:41:01,20.684,2
2026-09-23,29 D7 A4 41,พัชราภรณ์,16:30:10,16.503,1
2026-09-23,29 D7 A4 41,พัชราภรณ์,20:40:56,20.682,2
2026-06-03,5D 86 48 A3,พิพัฒน์,12:52:22,12.873,1
2026-06-03,5D 86 48 A3,พิพัฒน์,21:07:14,21.121,2
2026-06-04,5D 86 48 A3,พิพัฒน์,07:17:09,7.286,1
2026-06-04,5D 86 48 A3,พิพัฒน์,15:34:28,15.574,2
2026-06-05,5D 86 48 A3,พิพัฒน์,09:19:02,9.317,1
2026-06-05,5D 86 48 A3,พิพัฒน์,20:00:17,20.005,2
2026-06-06,5D 86 48 A3,พิพัฒน์,11:47:18,11.788,1
2026-06-06,5D 86 48 A3,พิพัฒน์,20:00:02,20.001,2
2026-06-07,5D 86 48 A3,พิพัฒน์,11:51:00,11.85,1
2026-06-07,5D 86 48 A3,พิพัฒน์,20:01:09,20.019,2
2026-06-08,5D 86 48 A3,พิพัฒน์,05:52:06,5.868,1
2026-06-08,5D 86 48 A3,พิพัฒน์,14:56:43,14.945,2
2026-06-10,5D 86 48 A3,พิพัฒน์,12:29:47,12.496,1
2026-06-10,5D 86 48 A3,พิพัฒน์,21:04:55,21.082,2
2026-06-11,5D 86 48 A3,พิพัฒน์,07:22:19,7.372,1
2026-06-11,5D 86 48 A3,พิพัฒน์,15:37:11,15.62,2
2026-06-12,5D 86 48 A3,พิพัฒน์,11:45:13,11.754,1
2026-06-12,5D 86 48 A3,พิพัฒน์,20:08:39,20.144,2
2026-06-13,5D 86 48 A3,พิพัฒน์,11:36:42,11.612,1
2026-06-13,5D 86 48 A3,พิพัฒน์,20:00:25,20.007,2
2026-06-14,5D 86 48 A3,พิพัฒน์,11:35:12,11.587,1
2026-06-14,5D 86 48 A3,พิพัฒน์,19:59:05,19.985,2
2026-06-15,5D 86 48 A3,พิพัฒน์,07:44:59,7.75,1
2026-06-15,5D 86 48 A3,พิพัฒน์,20:02:43,20.045,2
2026-06-17,5D 86 48 A3,พิพัฒน์,12:39:00,12.65,1
2026-06-18,5D 86 48 A3,พิพัฒน์,15:32:10,15.536,1
2026-06-19,5D 86 48 A3,พิพัฒน์,07:43:15,7.721,1
2026-06-19,5D 86 48 A3,พิพัฒน์,20:00:01,20.0,2
2026-06-20,5D 86 48 A3,พิพัฒน์,20:08:45,20.146,1
2026-06-21,5D 86 48 A3,พิพัฒน์,11:47:30,11.792,1
2026-06-21,5D 86 48 A3,พิพัฒน์,20:00:05,20.001,2
2026-06-22,5D 86 48 A3,พิพัฒน์,05:51:24,5.857,1
2026-06-22,5D 86 48 A3,พิพัฒน์,14:04:59,14.083,2
2026-06-24,5D 86 48 A3,พิพัฒน์,12:37:54,12.632,1
2026-06-24,5D 86 48 A3,พิพัฒน์,20:58:38,20.977,2
2026-06-25,5D 86 48 A3,พิพัฒน์,07:23:05,7.385,1
2026-06-26,5D 86 48 A3,พิพัฒน์,07:52:53,7.881,1
2026-06-26,5D 86 48 A3,พิพัฒน์,20:00:21,20.006,2
2026-06-27,5D 86 48 A3,พิพัฒน์,11:46:07,11.769,1
2026-06-27,5D 86 48 A3,พิพัฒน์,20:01:28,20.024,2
2026-06-28,5D 86 48 A3,พิพัฒน์,11:43:13,11.72,1
2026-06-28,5D 86 48 A3,พิพัฒน์,20:01:00,20.017,2
2026-06-29,5D 86 48 A3,พิพัฒน์,05:55:19,5.922,1
2026-06-29,5D 86 48 A3,พิพัฒน์,14:08:46,14.146,2
2026-07-01,5D 86 48 A3,พิพัฒน์,12:43:52,12.731,1
2026-07-01,5D 86 48 A3,พิพัฒน์,21:06:36,21.11,2
2026-07-02,5D 86 48 A3,พิพัฒน์,07:18:30,7.308,1
2026-07-02,5D 86 48 A3,พิพัฒน์,15:30:02,15.501,2
2026-07-03,5D 86 48 A3,พิพัฒน์,07:47:05,7.785,1
2026-07-03,5D 86 48 A3,พิพัฒน์,20:05:40,20.094,2
2026-07-04,5D 86 48 A3,พิพัฒน์,11:48:22,11.806,1
2026-07-04,5D 86 48 A3,พิพัฒน์,20:06:08,20.102,2
2026-07-05,5D 86 48 A3,พิพัฒน์,11:54:57,11.916,1
2026-07-06,5D 86 48 A3,พิพัฒน์,14:10:56,14.182,1
2026-07-08,5D 86 48 A3,พิพัฒน์,12:56:45,12.946,1
2026-07-08,5D 86 48 A3,พิพัฒน์,21:06:17,21.105,2
2026-07-09,5D 86 48 A3,พิพัฒน์,07:17:19,7.289,1
2026-07-09,5D 86 48 A3,พิพัฒน์,15:31:54,15.532,2
2026-07-10,5D 86 48 A3,พิพัฒน์,07:51:20,7.856,1
2026-07-10,5D 86 48 A3,พิพัฒน์,20:00:26,20.007,2
2026-07-11,5D 86 48 A3,พิพัฒน์,12:28:07,12.469,1
2026-07-11,5D 86 48 A3,พิพัฒน์,21:06:30,21.108,2
2026-07-12,5D 86 48 A3,พิพัฒน์,11:51:05,11.851,1
2026-07-12,5D 86 48 A3,พิพัฒน์,20:00:29,20.008,2
2026-07-13,5D 86 48 A3,พิพัฒน์,06:23:04,6.384,1
2026-07-13,5D 86 48 A3,พิพัฒน์,14:32:46,14.546,2
2026-07-15,5D 86 48 A3,พิพัฒน์,12:47:04,12.784,1
2026-07-15,5D 86 48 A3,พิพัฒน์,20:57:54,20.965,2
2026-07-16,5D 86 48 A3,พิพัฒน์,15:32:01,15.534,1
2026-07-17,5D 86 48 A3,พิพัฒน์,07:48:30,7.808,1
2026-07-17,5D 86 48 A3,พิพัฒน์,20:00:25,20.007,2
2026-07-18,5D 86 48 A3,พิพัฒน์,11:55:47,11.93,1
2026-07-18,5D 86 48 A3,พิพัฒน์,20:00:30,20.008,2
2026-07-19,5D 86 48 A3,พิพัฒน์,11:44:00,11.733,1
2026-07-19,5D 86 48 A3,พิพัฒน์,20:01:01,20.017,2
2026-07-20,5D 86 48 A3,พิพัฒน์,05:56:36,5.943,1
2026-07-20,5D 86 48 A3,พิพัฒน์,14:10:18,14.172,2
2026-07-22,5D 86 48 A3,พิพัฒน์,12:33:24,12.557,1
2026-07-22,5D 86 48 A3,พิพัฒน์,21:18:53,21.315,2
2026-07-23,5D 86 48 A3,พิพัฒน์,06:52:12,6.87,1
2026-07-23,5D 86 48 A3,พิพัฒน์,15:08:17,15.138,2
2026-07-24,5D 86 48 A3,พิพัฒน์,07:45:11,7.753,1
2026-07-25,5D 86 48 A3,พิพัฒน์,11:57:54,11.965,1
2026-07-25,5D 86 48 A3,พิพัฒน์,20:03:45,20.062,2
2026-07-26,5D 86 48 A3,พิพัฒน์,11:54:33,11.909,1
2026-07-26,5D 86 48 A3,พิพัฒน์,20:03:57,20.066,2
2026-07-29,5D 86 48 A3,พิพัฒน์,12:11:30,12.192,1
2026-07-29,5D 86 48 A3,พิพัฒน์,21:10:13,21.17,2
2026-07-30,5D 86 48 A3,พิพัฒน์,15:33:15,15.554,1
2026-07-31,5D 86 48 A3,พิพัฒน์,07:53:08,7.886,1
2026-07-31,5D 86 48 A3,พิพัฒน์,20:01:26,20.024,2
2026-08-01,5D 86 48 A3,พิพัฒน์,11:45:47,11.763,1
2026-08-01,5D 86 48 A3,พิพัฒน์,20:05:09,20.086,2
2026-08-02,5D 86 48 A3,พิพัฒน์,11:42:32,11.709,1
2026-08-02,5D 86 48 A3,พิพัฒน์,20:04:55,20.082,2
2026-08-03,5D 86 48 A3,พิพัฒน์,05:55:35,5.926,1
2026-08-03,5D 86 48 A3,พิพัฒน์,14:03:03,14.051,2
2026-08-05,5D 86 48 A3,พิพัฒน์,12:38:59,12.65,1
2026-08-05,5D 86 48 A3,พิพัฒน์,21:01:36,21.027,2
2026-08-06,5D 86 48 A3,พิพัฒน์,07:23:25,7.39,1
2026-08-06,5D 86 48 A3,พิพัฒน์,15:32:14,15.537,2
2026-08-07,5D 86 48 A3,พิพัฒน์,07:49:26,7.824,1
2026-08-07,5D 86 48 A3,พิพัฒน์,20:01:28,20.024,2
2026-08-08,5D 86 48 A3,พิพัฒน์,11:54:59,11.916,1
2026-08-08,5D 86 48 A3,พิพัฒน์,20:02:07,20.035,2
2026-08-09,5D 86 48 A3,พิพัฒน์,11:46:40,11.778,1
2026-08-09,5D 86 48 A3,พิพัฒน์,20:01:05,20.018,2
2026-08-10,5D 86 48 A3,พิพัฒน์,05:51:39,5.861,1
2026-08-10,5D 86 48 A3,พิพัฒน์,14:59:27,14.991,2
2026-08-13,5D 86 48 A3,พิพัฒน์,15:35:29,15.591,1
2026-08-14,5D 86 48 A3,พิพัฒน์,07:46:07,7.769,1
2026-08-15,5D 86 48 A3,พิพัฒน์,11:19:55,11.332,1
2026-08-15,5D 86 48 A3,พิพัฒน์,20:01:54,20.032,2
2026-08-16,5D 86 48 A3,พิพัฒน์,11:51:49,11.864,1
2026-08-16,5D 86 48 A3,พิพัฒน์,20:05:19,20.089,2
2026-08-17,5D 86 48 A3,พิพัฒน์,05:53:30,5.892,1
2026-08-17,5D 86 48 A3,พิพัฒน์,14:24:29,14.408,2
2026-08-19,5D 86 48 A3,พิพัฒน์,12:53:00,12.883,1
2026-08-20,5D 86 48 A3,พิพัฒน์,15:35:31,15.592,1
2026-08-21,5D 86 48 A3,พิพัฒน์,07:54:43,7.912,1
2026-08-21,5D 86 48 A3,พิพัฒน์,20:08:00,20.133,2
2026-08-22,5D 86 48 A3,พิพัฒน์,11:46:16,11.771,1
2026-08-22,5D 86 48 A3,พิพัฒน์,20:00:18,20.005,2
2026-08-23,5D 86 48 A3,พิพัฒน์,11:48:56,11.816,1
2026-08-23,5D 86 48 A3,พิพัฒน์,15:55:25,15.924,2
2026-08-23,5D 86 48 A3,พิพัฒน์,19:58:35,19.976,3
2026-08-24,5D 86 48 A3,พิพัฒน์,05:54:31,5.909,1
2026-08-24,5D 86 48 A3,พิพัฒน์,14:12:04,14.201,2
2026-08-26,5D 86 48 A3,พิพัฒน์,20:57:00,20.95,1
2026-08-27,5D 86 48 A3,พิพัฒน์,07:20:52,7.348,1
2026-08-27,5D 86 48 A3,พิพัฒน์,15:39:26,15.657,2
2026-08-28,5D 86 48 A3,พิพัฒน์,07:46:01,7.767,1
2026-08-28,5D 86 48 A3,พิพัฒน์,20:00:52,20.014,2
2026-08-29,5D 86 48 A3,พิพัฒน์,11:41:46,11.696,1
2026-08-29,5D 86 48 A3,พิพัฒน์,20:01:42,20.028,2
2026-08-30,5D 86 48 A3,พิพัฒน์,11:45:33,11.759,1
2026-08-31,5D 86 48 A3,พิพัฒน์,14:11:02,14.184,1
2026-09-02,5D 86 48 A3,พิพัฒน์,12:50:49,12.847,1
2026-09-02,5D 86 48 A3,พิพัฒน์,20:57:56,20.966,2
2026-09-03,5D 86 48 A3,พิพัฒน์,07:27:48,7.463,1
2026-09-03,5D 86 48 A3,พิพัฒน์,15:32:21,15.539,2
2026-09-04,5D 86 48 A3,พิพัฒน์,11:50:52,11.848,1
2026-09-04,5D 86 48 A3,พิพัฒน์,20:01:59,20.033,2
2026-09-05,5D 86 48 A3,พิพัฒน์,07:53:06,7.885,1
2026-09-05,5D 86 48 A3,พิพัฒน์,20:01:50,20.031,2
2026-09-06,5D 86 48 A3,พิพัฒน์,11:43:05,11.718,1
2026-09-06,5D 86 48 A3,พิพัฒน์,20:03:42,20.062,2
2026-09-07,5D 86 48 A3,พิพัฒน์,06:10:57,6.182,1
2026-09-07,5D 86 48 A3,พิพัฒน์,14:09:11,14.153,2
2026-09-09,5D 86 48 A3,พิพัฒน์,12:33:41,12.561,1
2026-09-09,5D 86 48 A3,พิพัฒน์,20:55:56,20.932,2
2026-09-10,5D 86 48 A3,พิพัฒน์,07:23:46,7.396,1
2026-09-10,5D 86 48 A3,พิพัฒน์,15:38:27,15.641,2
2026-09-11,5D 86 48 A3,พิพัฒน์,07:50:25,7.84,1
2026-09-11,5D 86 48 A3,พิพัฒน์,20:00:38,20.011,2
2026-09-12,5D 86 48 A3,พิพัฒน์,11:49:26,11.824,1
2026-09-12,5D 86 48 A3,พิพัฒน์,20:05:14,20.087,2
2026-09-14,5D 86 48 A3,พิพัฒน์,05:57:24,5.957,1
2026-09-14,5D 86 48 A3,พิพัฒน์,14:04:05,14.068,2
2026-09-16,5D 86 48 A3,พิพัฒน์,12:32:22,12.539,1
2026-09-17,5D 86 48 A3,พิพัฒน์,07:21:01,7.35,1
2026-09-17,5D 86 48 A3,พิพัฒน์,15:32:51,15.548,2
2026-09-18,5D 86 48 A3,พิพัฒน์,11:48:57,11.816,1
2026-09-18,5D 86 48 A3,พิพัฒน์,20:01:03,20.018,2
2026-09-19,5D 86 48 A3,พิพัฒน์,07:43:32,7.726,1
2026-09-19,5D 86 48 A3,พิพัฒน์,20:01:16,20.021,2
2026-09-20,5D 86 48 A3,พิพัฒน์,20:01:09,20.019,1
2026-09-21,5D 86 48 A3,พิพัฒน์,06:03:42,6.062,1
2026-09-21,5D 86 48 A3,พิพัฒน์,14:04:59,14.083,2
2026-09-23,5D 86 48 A3,พิพัฒน์,12:46:37,12.777,1
2026-09-23,5D 86 48 A3,พิพัฒน์,21:02:17,21.038,2
2026-09-24,5D 86 48 A3,พิพัฒน์,07:22:54,7.382,1
2026-06-01,9A 06 60 BD,ภาวิณี,20:00:47,20.013,1
2026-06-02,9A 06 60 BD,ภาวิณี,06:29:02,6.484,1
2026-06-02,9A 06 60 BD,ภาวิณี,11:00:05,11.001,2
2026-06-02,9A 06 60 BD,ภาวิณี,12:02:12,12.037,3
2026-06-02,9A 06 60 BD,ภาวิณี,17:04:17,17.071,4
2026-06-04,9A 06 60 BD,ภาวิณี,10:49:21,10.822,1
2026-06-04,9A 06 60 BD,ภาวิณี,15:01:16,15.021,2
2026-06-04,9A 06 60 BD,ภาวิณี,15:59:59,16.0,3
2026-06-05,9A 06 60 BD,ภาวิณี,12:07:35,12.126,1
2026-06-05,9A 06 60 BD,ภาวิณี,13:02:07,13.035,2
2026-06-05,9A 06 60 BD,ภาวิณี,17:07:12,17.12,3
2026-06-06,9A 06 60 BD,ภาวิณี,10:58:49,10.98,1
2026-06-06,9A 06 60 BD,ภาวิณี,15:03:52,15.064,2
2026-06-06,9A 06 60 BD,ภาวิณี,15:59:46,15.996,3
2026-06-06,9A 06 60 BD,ภาวิณี,20:46:28,20.774,4
2026-06-07,9A 06 60 BD,ภาวิณี,06:54:19,6.905,1
2026-06-07,9A 06 60 BD,ภาวิณี,11:01:02,11.017,2
2026-06-07,9A 06 60 BD,ภาวิณี,12:01:53,12.031,3
2026-06-07,9A 06 60 BD,ภาวิณี,17:00:11,17.003,4
2026-06-07,9A 06 60 BD,ภาวิณี,20:01:20,20.022,5
2026-06-08,9A 06 60 BD,ภาวิณี,11:08:12,11.137,1
2026-06-08,9A 06 60 BD,ภาวิณี,12:00:50,12.014,2
2026-06-08,9A 06 60 BD,ภาวิณี,17:04:42,17.078,3
2026-06-09,9A 06 60 BD,ภาวิณี,06:29:02,6.484,1
2026-06-09,9A 06 60 BD,ภาวิณี,12:02:08,12.036,2
2026-06-09,9A 06 60 BD,ภาวิณี,13:00:52,13.014,3
2026-06-09,9A 06 60 BD,ภาวิณี,17:04:04,17.068,4
2026-06-11,9A 06 60 BD,ภาวิณี,11:00:05,11.001,1
2026-06-11,9A 06 60 BD,ภาวิณี,15:00:28,15.008,2
2026-06-11,9A 06 60 BD,ภาวิณี,16:00:13,16.004,3
2026-06-11,9A 06 60 BD,ภาวิณี,20:03:30,20.058,4
2026-06-12,9A 06 60 BD,ภาวิณี,06:34:04,6.568,1
2026-06-12,9A 06 60 BD,ภาวิณี,12:02:39,12.044,2
2026-06-12,9A 06 60 BD,ภาวิณี,12:59:34,12.993,3
2026-06-12,9A 06 60 BD,ภาวิณี,17:01:22,17.023,4
2026-06-13,9A 06 60 BD,ภาวิณี,10:59:01,10.984,1
2026-06-13,9A 06 60 BD,ภาวิณี,15:01:44,15.029,2
2026-06-13,9A 06 60 BD,ภาวิณี,16:00:44,16.012,3
2026-06-13,9A 06 60 BD,ภาวิณี,20:00:34,20.009,4
2026-06-14,9A 06 60 BD,ภาวิณี,07:02:27,7.041,1
2026-06-14,9A 06 60 BD,ภาวิณี,12:01:45,12.029,2
2026-06-14,9A 06 60 BD,ภาวิณี,13:00:28,13.008,3
2026-06-14,9A 06 60 BD,ภาวิณี,16:05:34,16.093,4
2026-06-14,9A 06 60 BD,ภาวิณี,17:00:35,17.01,5
2026-06-14,9A 06 60 BD,ภาวิณี,20:01:26,20.024,6
2026-06-15,9A 06 60 BD,ภาวิณี,06:54:30,6.908,1
2026-06-15,9A 06 60 BD,ภาวิณี,12:02:07,12.035,2
2026-06-15,9A 06 60 BD,ภาวิณี,12:56:26,12.941,3
2026-06-15,9A 06 60 BD,ภาวิณี,17:00:42,17.012,4
2026-06-15,9A 06 60 BD,ภาวิณี,20:02:39,20.044,5
2026-06-16,9A 06 60 BD,ภาวิณี,06:25:17,6.421,1
2026-06-16,9A 06 60 BD,ภาวิณี,12:02:43,12.045,2
2026-06-16,9A 06 60 BD,ภาวิณี,13:01:20,13.022,3
2026-06-16,9A 06 60 BD,ภาวิณี,17:03:18,17.055,4
2026-06-19,9A 06 60 BD,ภาวิณี,06:29:50,6.497,1
2026-06-19,9A 06 60 BD,ภาวิณี,12:03:25,12.057,2
2026-06-19,9A 06 60 BD,ภาวิณี,13:01:31,13.025,3
2026-06-19,9A 06 60 BD,ภาวิณี,17:02:37,17.044,4
2026-06-21,9A 06 60 BD,ภาวิณี,06:58:32,6.976,1
2026-06-21,9A 06 60 BD,ภาวิณี,12:03:03,12.051,2
2026-06-21,9A 06 60 BD,ภาวิณี,13:01:59,13.033,3
2026-06-21,9A 06 60 BD,ภาวิณี,16:56:54,16.948,4
2026-06-21,9A 06 60 BD,ภาวิณี,20:00:23,20.006,5
2026-06-22,9A 06 60 BD,ภาวิณี,06:58:11,6.97,1
2026-06-22,9A 06 60 BD,ภาวิณี,12:02:16,12.038,2
2026-06-22,9A 06 60 BD,ภาวิณี,13:02:56,13.049,3
2026-06-22,9A 06 60 BD,ภาวิณี,17:00:10,17.003,4
2026-06-22,9A 06 60 BD,ภาวิณี,20:02:09,20.036,5
2026-06-23,9A 06 60 BD,ภาวิณี,06:28:45,6.479,1
2026-06-23,9A 06 60 BD,ภาวิณี,12:02:49,12.047,2
2026-06-23,9A 06 60 BD,ภาวิณี,13:00:31,13.009,3
2026-06-23,9A 06 60 BD,ภาวิณี,17:12:16,17.204,4
2026-06-25,9A 06 60 BD,ภาวิณี,11:01:05,11.018,1
2026-06-25,9A 06 60 BD,ภาวิณี,16:02:59,16.05,2
2026-06-25,9A 06 60 BD,ภาวิณี,16:53:23,16.89,3
2026-06-26,9A 06 60 BD,ภาวิณี,07:00:50,7.014,1
2026-06-26,9A 06 60 BD,ภาวิณี,12:02:01,12.034,2
2026-06-26,9A 06 60 BD,ภาวิณี,16:02:33,16.042,3
2026-06-26,9A 06 60 BD,ภาวิณี,16:53:50,16.897,4
2026-06-27,9A 06 60 BD,ภาวิณี,10:53:59,10.9,1
2026-06-27,9A 06 60 BD,ภาวิณี,16:20:04,16.334,2
2026-06-27,9A 06 60 BD,ภาวิณี,16:57:39,16.961,3
2026-06-28,9A 06 60 BD,ภาวิณี,07:00:35,7.01,1
2026-06-28,9A 06 60 BD,ภาวิณี,10:59:58,10.999,2
2026-06-28,9A 06 60 BD,ภาวิณี,12:02:36,12.043,3
2026-06-28,9A 06 60 BD,ภาวิณี,16:01:05,16.018,4
2026-06-28,9A 06 60 BD,ภาวิณี,16:57:55,16.965,5
2026-06-28,9A 06 60 BD,ภาวิณี,20:00:45,20.012,6
2026-06-29,9A 06 60 BD,ภาวิณี,07:00:04,7.001,1
2026-06-29,9A 06 60 BD,ภาวิณี,12:03:35,12.06,2
2026-06-29,9A 06 60 BD,ภาวิณี,13:05:30,13.092,3
2026-06-29,9A 06 60 BD,ภาวิณี,16:01:39,16.028,4
2026-06-29,9A 06 60 BD,ภาวิณี,16:49:34,16.826,5
2026-06-29,9A 06 60 BD,ภาวิณี,20:01:36,20.027,6
2026-06-30,9A 06 60 BD,ภาวิณี,06:28:51,6.481,1
2026-06-30,9A 06 60 BD,ภาวิณี,11:03:17,11.055,2
2026-06-30,9A 06 60 BD,ภาวิณี,12:00:49,12.014,3
2026-07-02,9A 06 60 BD,ภาวิณี,06:33:41,6.561,1
2026-07-02,9A 06 60 BD,ภาวิณี,12:02:07,12.035,2
2026-07-02,9A 06 60 BD,ภาวิณี,13:00:32,13.009,3
2026-07-02,9A 06 60 BD,ภาวิณี,17:04:35,17.076,4
2026-07-03,9A 06 60 BD,ภาวิณี,12:02:58,12.049,1
2026-07-03,9A 06 60 BD,ภาวิณี,12:56:06,12.935,2
2026-07-03,9A 06 60 BD,ภาวิณี,17:05:43,17.095,3
2026-07-04,9A 06 60 BD,ภาวิณี,10:57:18,10.955,1
2026-07-04,9A 06 60 BD,ภาวิณี,20:44:02,20.734,2
2026-07-05,9A 06 60 BD,ภาวิณี,07:02:36,7.043,1
2026-07-05,9A 06 60 BD,ภาวิณี,12:00:30,12.008,2
2026-07-05,9A 06 60 BD,ภาวิณี,13:02:27,13.041,3
2026-07-06,9A 06 60 BD,ภาวิณี,11:02:28,11.041,1
2026-07-06,9A 06 60 BD,ภาวิณี,12:02:49,12.047,2
2026-07-07,9A 06 60 BD,ภาวิณี,06:24:01,6.4,1
2026-07-07,9A 06 60 BD,ภาวิณี,12:05:41,12.095,2
2026-07-07,9A 06 60 BD,ภาวิณี,12:55:44,12.929,3
2026-07-07,9A 06 60 BD,ภาวิณี,17:00:22,17.006,4
2026-07-09,9A 06 60 BD,ภาวิณี,11:02:25,11.04,1
2026-07-09,9A 06 60 BD,ภาวิณี,16:05:49,16.097,2
2026-07-09,9A 06 60 BD,ภาวิณี,17:01:08,17.019,3
2026-07-09,9A 06 60 BD,ภาวิณี,20:40:45,20.679,4
2026-07-10,9A 06 60 BD,ภาวิณี,06:30:20,6.506,1
2026-07-10,9A 06 60 BD,ภาวิณี,12:03:19,12.055,2
2026-07-10,9A 06 60 BD,ภาวิณี,12:57:10,12.953,3
2026-07-10,9A 06 60 BD,ภาวิณี,17:02:04,17.034,4
2026-07-11,9A 06 60 BD,ภาวิณี,10:52:55,10.882,1
2026-07-11,9A 06 60 BD,ภาวิณี,16:02:21,16.039,2
2026-07-11,9A 06 60 BD,ภาวิณี,16:57:23,16.956,3
2026-07-11,9A 06 60 BD,ภาวิณี,20:02:28,20.041,4
2026-07-12,9A 06 60 BD,ภาวิณี,07:04:17,7.071,1
2026-07-12,9A 06 60 BD,ภาวิณี,13:00:29,13.008,2
2026-07-12,9A 06 60 BD,ภาวิณี,13:59:41,13.995,3
2026-07-12,9A 06 60 BD,ภาวิณี,16:02:22,16.039,4
2026-07-12,9A 06 60 BD,ภาวิณี,16:58:34,16.976,5
2026-07-12,9A 06 60 BD,ภาวิณี,20:02:53,20.048,6
2026-07-13,9A 06 60 BD,ภาวิณี,06:55:51,6.931,1
2026-07-13,9A 06 60 BD,ภาวิณี,12:02:16,12.038,2
2026-07-13,9A 06 60 BD,ภาวิณี,13:02:39,13.044,3
2026-07-13,9A 06 60 BD,ภาวิณี,16:56:18,16.938,4
2026-07-14,9A 06 60 BD,ภาวิณี,06:30:37,6.51,1
2026-07-14,9A 06 60 BD,ภาวิณี,12:02:38,12.044,2
2026-07-14,9A 06 60 BD,ภาวิณี,13:02:14,13.037,3
2026-07-14,9A 06 60 BD,ภาวิณี,17:02:27,17.041,4
2026-07-16,9A 06 60 BD,ภาวิณี,10:56:55,10.949,1
2026-07-16,9A 06 60 BD,ภาวิณี,15:59:56,15.999,2
2026-07-16,9A 06 60 BD,ภาวิณี,16:59:50,16.997,3
2026-07-16,9A 06 60 BD,ภาวิณี,20:40:54,20.682,4
2026-07-17,9A 06 60 BD,ภาวิณี,06:57:48,6.963,1
2026-07-17,9A 06 60 BD,ภาวิณี,12:01:55,12.032,2
2026-07-17,9A 06 60 BD,ภาวิณี,16:15:18,16.255,3
2026-07-17,9A 06 60 BD,ภาวิณี,17:03:28,17.058,4
2026-07-17,9A 06 60 BD,ภาวิณี,20:00:18,20.005,5
2026-07-18,9A 06 60 BD,ภาวิณี,11:03:56,11.066,1
2026-07-18,9A 06 60 BD,ภาวิณี,16:08:18,16.138,2
2026-07-18,9A 06 60 BD,ภาวิณี,16:57:43,16.962,3
2026-07-18,9A 06 60 BD,ภาวิณี,20:05:10,20.086,4
2026-07-19,9A 06 60 BD,ภาวิณี,10:52:06,10.868,1
2026-07-19,9A 06 60 BD,ภาวิณี,16:12:40,16.211,2
2026-07-19,9A 06 60 BD,ภาวิณี,16:59:30,16.992,3
2026-07-19,9A 06 60 BD,ภาวิณี,20:42:22,20.706,4
2026-07-20,9A 06 60 BD,ภาวิณี,06:55:47,6.93,1
2026-07-20,9A 06 60 BD,ภาวิณี,12:02:37,12.044,2
2026-07-20,9A 06 60 BD,ภาวิณี,12:56:18,12.938,3
2026-07-20,9A 06 60 BD,ภาวิณี,16:04:43,16.079,4
2026-07-20,9A 06 60 BD,ภาวิณี,16:52:53,16.881,5
2026-07-20,9A 06 60 BD,ภาวิณี,20:02:21,20.039,6
2026-07-21,9A 06 60 BD,ภาวิณี,06:29:45,6.496,1
2026-07-21,9A 06 60 BD,ภาวิณี,12:02:47,12.046,2
2026-07-21,9A 06 60 BD,ภาวิณี,12:56:19,12.939,3
2026-07-21,9A 06 60 BD,ภาวิณี,17:07:07,17.119,4
2026-07-22,9A 06 60 BD,ภาวิณี,06:40:40,6.678,1
2026-07-22,9A 06 60 BD,ภาวิณี,12:01:01,12.017,2
2026-07-22,9A 06 60 BD,ภาวิณี,13:00:28,13.008,3
2026-07-22,9A 06 60 BD,ภาวิณี,15:00:14,15.004,4
2026-07-22,9A 06 60 BD,ภาวิณี,15:59:09,15.986,5
2026-07-22,9A 06 60 BD,ภาวิณี,20:02:06,20.035,6
2026-07-23,9A 06 60 BD,ภาวิณี,06:51:16,6.854,1
2026-07-23,9A 06 60 BD,ภาวิณี,11:00:52,11.014,2
2026-07-23,9A 06 60 BD,ภาวิณี,11:59:57,11.999,3
2026-07-23,9A 06 60 BD,ภาวิณี,16:00:55,16.015,4
2026-07-23,9A 06 60 BD,ภาวิณี,16:58:44,16.979,5
2026-07-23,9A 06 60 BD,ภาวิณี,20:04:17,20.071,6
2026-07-24,9A 06 60 BD,ภาวิณี,07:00:15,7.004,1
2026-07-24,9A 06 60 BD,ภาวิณี,11:03:24,11.057,2
2026-07-24,9A 06 60 BD,ภาวิณี,11:59:58,11.999,3
2026-07-24,9A 06 60 BD,ภาวิณี,16:01:23,16.023,4
2026-07-24,9A 06 60 BD,ภาวิณี,16:59:13,16.987,5
2026-07-24,9A 06 60 BD,ภาวิณี,20:01:33,20.026,6
2026-07-27,9A 06 60 BD,ภาวิณี,06:55:42,6.928,1
2026-07-27,9A 06 60 BD,ภาวิณี,12:06:49,12.114,2
2026-07-27,9A 06 60 BD,ภาวิณี,12:56:27,12.941,3
2026-07-27,9A 06 60 BD,ภาวิณี,16:00:50,16.014,4
2026-07-27,9A 06 60 BD,ภาวิณี,17:01:18,17.022,5
2026-07-27,9A 06 60 BD,ภาวิณี,20:01:53,20.031,6
2026-07-28,9A 06 60 BD,ภาวิณี,10:52:31,10.875,1
2026-07-28,9A 06 60 BD,ภาวิณี,15:00:03,15.001,2
2026-07-28,9A 06 60 BD,ภาวิณี,15:59:19,15.989,3
2026-07-28,9A 06 60 BD,ภาวิณี,20:01:46,20.029,4
2026-07-30,9A 06 60 BD,ภาวิณี,10:57:14,10.954,1
2026-07-30,9A 06 60 BD,ภาวิณี,15:00:06,15.002,2
2026-07-30,9A 06 60 BD,ภาวิณี,16:01:58,16.033,3
2026-07-30,9A 06 60 BD,ภาวิณี,20:40:27,20.674,4
2026-07-31,9A 06 60 BD,ภาวิณี,06:26:40,6.444,1
2026-07-31,9A 06 60 BD,ภาวิณี,12:03:47,12.063,2
2026-07-31,9A 06 60 BD,ภาวิณี,12:56:37,12.944,3
2026-07-31,9A 06 60 BD,ภาวิณี,17:03:14,17.054,4
2026-08-01,9A 06 60 BD,ภาวิณี,10:56:13,10.937,1
2026-08-01,9A 06 60 BD,ภาวิณี,15:06:24,15.107,2
2026-08-01,9A 06 60 BD,ภาวิณี,15:55:52,15.931,3
2026-08-01,9A 06 60 BD,ภาวิณี,20:01:17,20.021,4
2026-08-02,9A 06 60 BD,ภาวิณี,07:02:25,7.04,1
2026-08-02,9A 06 60 BD,ภาวิณี,12:59:05,12.985,2
2026-08-02,9A 06 60 BD,ภาวิณี,16:03:46,16.063,3
2026-08-02,9A 06 60 BD,ภาวิณี,16:59:23,16.99,4
2026-08-02,9A 06 60 BD,ภาวิณี,20:02:47,20.046,5
2026-08-03,9A 06 60 BD,ภาวิณี,06:58:48,6.98,1
2026-08-03,9A 06 60 BD,ภาวิณี,11:05:18,11.088,2
2026-08-03,9A 06 60 BD,ภาวิณี,11:58:44,11.979,3
2026-08-03,9A 06 60 BD,ภาวิณี,16:02:36,16.043,4
2026-08-03,9A 06 60 BD,ภาวิณี,16:58:20,16.972,5
2026-08-03,9A 06 60 BD,ภาวิณี,20:00:55,20.015,6
2026-08-04,9A 06 60 BD,ภาวิณี,06:29:44,6.496,1
2026-08-04,9A 06 60 BD,ภาวิณี,12:03:45,12.062,2
2026-08-04,9A 06 60 BD,ภาวิณี,12:58:44,12.979,3
2026-08-04,9A 06 60 BD,ภาวิณี,17:07:04,17.118,4
2026-08-06,9A 06 60 BD,ภาวิณี,10:57:29,10.958,1
2026-08-06,9A 06 60 BD,ภาวิณี,16:05:12,16.087,2
2026-08-06,9A 06 60 BD,ภาวิณี,17:02:28,17.041,3
2026-08-06,9A 06 60 BD,ภาวิณี,20:39:21,20.656,4
2026-08-07,9A 06 60 BD,ภาวิณี,12:02:26,12.041,1
2026-08-07,9A 06 60 BD,ภาวิณี,12:56:19,12.939,2
2026-08-07,9A 06 60 BD,ภาวิณี,17:02:17,17.038,3
2026-08-08,9A 06 60 BD,ภาวิณี,11:01:50,11.031,1
2026-08-08,9A 06 60 BD,ภาวิณี,16:07:11,16.12,2
2026-08-09,9A 06 60 BD,ภาวิณี,06:58:27,6.974,1
2026-08-09,9A 06 60 BD,ภาวิณี,11:01:25,11.024,2
2026-08-09,9A 06 60 BD,ภาวิณี,12:00:33,12.009,3
2026-08-09,9A 06 60 BD,ภาวิณี,15:10:46,15.179,4
2026-08-11,9A 06 60 BD,ภาวิณี,10:55:12,10.92,1
2026-08-11,9A 06 60 BD,ภาวิณี,16:02:59,16.05,2
2026-08-11,9A 06 60 BD,ภาวิณี,16:59:25,16.99,3
2026-08-11,9A 06 60 BD,ภาวิณี,20:40:24,20.673,4
2026-08-13,9A 06 60 BD,ภาวิณี,10:57:16,10.954,1
2026-08-13,9A 06 60 BD,ภาวิณี,16:00:43,16.012,2
2026-08-13,9A 06 60 BD,ภาวิณี,16:57:32,16.959,3
2026-08-13,9A 06 60 BD,ภาวิณี,20:39:04,20.651,4
2026-08-14,9A 06 60 BD,ภาวิณี,06:31:06,6.518,1
2026-08-14,9A 06 60 BD,ภาวิณี,12:07:44,12.129,2
2026-08-14,9A 06 60 BD,ภาวิณี,12:54:16,12.904,3
2026-08-14,9A 06 60 BD,ภาวิณี,17:00:28,17.008,4
2026-08-15,9A 06 60 BD,ภาวิณี,06:33:37,6.56,1
2026-08-15,9A 06 60 BD,ภาวิณี,11:00:25,11.007,2
2026-08-15,9A 06 60 BD,ภาวิณี,11:59:26,11.991,3
2026-08-15,9A 06 60 BD,ภาวิณี,17:01:56,17.032,4
2026-08-16,9A 06 60 BD,ภาวิณี,06:59:34,6.993,1
2026-08-16,9A 06 60 BD,ภาวิณี,11:02:03,11.034,2
2026-08-16,9A 06 60 BD,ภาวิณี,12:02:04,12.034,3
2026-08-16,9A 06 60 BD,ภาวิณี,16:01:00,16.017,4
2026-08-16,9A 06 60 BD,ภาวิณี,17:00:02,17.001,5
2026-08-16,9A 06 60 BD,ภาวิณี,20:02:54,20.048,6
2026-08-17,9A 06 60 BD,ภาวิณี,06:51:52,6.864,1
2026-08-17,9A 06 60 BD,ภาวิณี,12:07:24,12.123,2
2026-08-17,9A 06 60 BD,ภาวิณี,13:03:39,13.061,3
2026-08-20,9A 06 60 BD,ภาวิณี,10:59:23,10.99,1
2026-08-20,9A 06 60 BD,ภาวิณี,16:02:40,16.044,2
2026-08-20,9A 06 60 BD,ภาวิณี,16:57:32,16.959,3
2026-08-20,9A 06 60 BD,ภาวิณี,20:02:40,20.044,4
2026-08-21,9A 06 60 BD,ภาวิณี,06:26:01,6.434,1
2026-08-21,9A 06 60 BD,ภาวิณี,12:03:12,12.053,2
2026-08-21,9A 06 60 BD,ภาวิณี,13:04:03,13.067,3
2026-08-21,9A 06 60 BD,ภาวิณี,17:01:43,17.029,4
2026-08-22,9A 06 60 BD,ภาวิณี,06:57:22,6.956,1
2026-08-22,9A 06 60 BD,ภาวิณี,12:05:28,12.091,2
2026-08-23,9A 06 60 BD,ภาวิณี,06:56:05,6.935,1
2026-08-23,9A 06 60 BD,ภาวิณี,12:03:02,12.051,2
2026-08-23,9A 06 60 BD,ภาวิณี,13:00:18,13.005,3
2026-08-23,9A 06 60 BD,ภาวิณี,16:04:06,16.068,4
2026-08-23,9A 06 60 BD,ภาวิณี,16:59:48,16.997,5
2026-08-23,9A 06 60 BD,ภาวิณี,20:00:54,20.015,6
2026-08-24,9A 06 60 BD,ภาวิณี,06:57:03,6.951,1
2026-08-24,9A 06 60 BD,ภาวิณี,12:02:02,12.034,2
2026-08-24,9A 06 60 BD,ภาวิณี,12:58:41,12.978,3
2026-08-24,9A 06 60 BD,ภาวิณี,15:59:36,15.993,4
2026-08-26,9A 06 60 BD,ภาวิณี,16:01:14,16.021,1
2026-08-26,9A 06 60 BD,ภาวิณี,17:06:37,17.11,2
2026-08-27,9A 06 60 BD,ภาวิณี,07:02:52,7.048,1
2026-08-27,9A 06 60 BD,ภาวิณี,11:01:38,11.027,2
2026-08-27,9A 06 60 BD,ภาวิณี,11:58:31,11.975,3
2026-08-27,9A 06 60 BD,ภาวิณี,16:01:48,16.03,4
2026-08-27,9A 06 60 BD,ภาวิณี,16:59:21,16.989,5
2026-08-27,9A 06 60 BD,ภาวิณี,20:01:55,20.032,6
2026-08-28,9A 06 60 BD,ภาวิณี,06:32:38,6.544,1
2026-08-28,9A 06 60 BD,ภาวิณี,12:05:46,12.096,2
2026-08-28,9A 06 60 BD,ภาวิณี,12:56:24,12.94,3
2026-08-28,9A 06 60 BD,ภาวิณี,17:00:56,17.016,4
2026-08-29,9A 06 60 BD,ภาวิณี,11:00:26,11.007,1
2026-08-29,9A 06 60 BD,ภาวิณี,20:42:08,20.702,2
2026-08-30,9A 06 60 BD,ภาวิณี,07:05:24,7.09,1
2026-08-30,9A 06 60 BD,ภาวิณี,12:13:34,12.226,2
2026-08-30,9A 06 60 BD,ภาวิณี,12:58:09,12.969,3
2026-08-30,9A 06 60 BD,ภาวิณี,16:02:31,16.042,4
2026-08-30,9A 06 60 BD,ภาวิณี,16:52:31,16.875,5
2026-08-31,9A 06 60 BD,ภาวิณี,12:02:52,12.048,1
2026-08-31,9A 06 60 BD,ภาวิณี,20:01:01,20.017,2
2026-09-01,9A 06 60 BD,ภาวิณี,06:32:06,6.535,1
2026-09-01,9A 06 60 BD,ภาวิณี,12:01:31,12.025,2
2026-09-01,9A 06 60 BD,ภาวิณี,17:01:47,17.03,3
2026-09-03,9A 06 60 BD,ภาวิณี,10:58:19,10.972,1
2026-09-03,9A 06 60 BD,ภาวิณี,15:07:17,15.121,2
2026-09-03,9A 06 60 BD,ภาวิณี,16:03:01,16.05,3
2026-09-03,9A 06 60 BD,ภาวิณี,20:01:14,20.021,4
2026-09-04,9A 06 60 BD,ภาวิณี,06:28:20,6.472,1
2026-09-04,9A 06 60 BD,ภาวิณี,11:02:23,11.04,2
2026-09-04,9A 06 60 BD,ภาวิณี,12:01:07,12.019,3
2026-09-04,9A 06 60 BD,ภาวิณี,17:00:53,17.015,4
2026-09-06,9A 06 60 BD,ภาวิณี,07:01:00,7.017,1
2026-09-06,9A 06 60 BD,ภาวิณี,11:02:49,11.047,2
2026-09-06,9A 06 60 BD,ภาวิณี,12:01:28,12.024,3
2026-09-07,9A 06 60 BD,ภาวิณี,06:59:53,6.998,1
2026-09-07,9A 06 60 BD,ภาวิณี,12:02:03,12.034,2
2026-09-07,9A 06 60 BD,ภาวิณี,12:52:43,12.879,3
2026-09-07,9A 06 60 BD,ภาวิณี,16:07:58,16.133,4
2026-09-07,9A 06 60 BD,ภาวิณี,16:56:48,16.947,5
2026-09-07,9A 06 60 BD,ภาวิณี,20:41:49,20.697,6
2026-09-09,9A 06 60 BD,ภาวิณี,07:01:41,7.028,1
2026-09-09,9A 06 60 BD,ภาวิณี,12:01:12,12.02,2
2026-09-09,9A 06 60 BD,ภาวิณี,12:55:30,12.925,3
2026-09-09,9A 06 60 BD,ภาวิณี,19:58:54,19.982,4
2026-09-10,9A 06 60 BD,ภาวิณี,06:28:48,6.48,1
2026-09-10,9A 06 60 BD,ภาวิณี,12:00:46,12.013,2
2026-09-10,9A 06 60 BD,ภาวิณี,12:52:22,12.873,3
2026-09-10,9A 06 60 BD,ภาวิณี,17:09:03,17.151,4
2026-09-11,9A 06 60 BD,ภาวิณี,07:05:27,7.091,1
2026-09-11,9A 06 60 BD,ภาวิณี,11:02:48,11.047,2
2026-09-11,9A 06 60 BD,ภาวิณี,12:04:20,12.072,3
2026-09-11,9A 06 60 BD,ภาวิณี,20:01:18,20.022,4
2026-09-14,9A 06 60 BD,ภาวิณี,06:59:20,6.989,1
2026-09-15,9A 06 60 BD,ภาวิณี,06:29:52,6.498,1
2026-09-15,9A 06 60 BD,ภาวิณี,12:00:46,12.013,2
2026-09-15,9A 06 60 BD,ภาวิณี,12:53:32,12.892,3
2026-09-15,9A 06 60 BD,ภาวิณี,17:01:49,17.03,4
2026-09-17,9A 06 60 BD,ภาวิณี,10:57:45,10.962,1
2026-09-17,9A 06 60 BD,ภาวิณี,20:41:16,20.688,2
2026-09-18,9A 06 60 BD,ภาวิณี,06:32:10,6.536,1
2026-09-18,9A 06 60 BD,ภาวิณี,11:01:04,11.018,2
2026-09-18,9A 06 60 BD,ภาวิณี,11:58:37,11.977,3
2026-09-18,9A 06 60 BD,ภาวิณี,17:11:39,17.194,4
2026-09-19,9A 06 60 BD,ภาวิณี,11:05:22,11.089,1
2026-09-19,9A 06 60 BD,ภาวิณี,19:59:48,19.997,2
2026-09-20,9A 06 60 BD,ภาวิณี,07:04:03,7.068,1
2026-09-20,9A 06 60 BD,ภาวิณี,20:01:35,20.026,2
2026-09-21,9A 06 60 BD,ภาวิณี,06:59:08,6.986,1
2026-09-21,9A 06 60 BD,ภาวิณี,20:02:18,20.038,2
2026-09-23,9A 06 60 BD,ภาวิณี,10:58:36,10.977,1
2026-09-23,9A 06 60 BD,ภาวิณี,20:40:49,20.68,2
2026-09-24,9A 06 60 BD,ภาวิณี,10:55:10,10.919,1
2026-06-01,AD 91 58 A3,วุฒิชัย,20:04:14,20.071,1
2026-06-02,AD 91 58 A3,วุฒิชัย,13:00:41,13.011,1
2026-06-02,AD 91 58 A3,วุฒิชัย,20:49:11,20.82,2
2026-06-03,AD 91 58 A3,วุฒิชัย,06:05:33,6.092,1
2026-06-03,AD 91 58 A3,วุฒิชัย,14:06:44,14.112,2
2026-06-04,AD 91 58 A3,วุฒิชัย,06:03:00,6.05,1
2026-06-04,AD 91 58 A3,วุฒิชัย,14:04:36,14.077,2
2026-06-06,AD 91 58 A3,วุฒิชัย,12:58:19,12.972,1
2026-06-06,AD 91 58 A3,วุฒิชัย,20:52:56,20.882,2
2026-06-07,AD 91 58 A3,วุฒิชัย,13:01:44,13.029,1
2026-06-07,AD 91 58 A3,วุฒิชัย,20:47:15,20.788,2
2026-06-08,AD 91 58 A3,วุฒิชัย,07:57:10,7.953,1
2026-06-08,AD 91 58 A3,วุฒิชัย,20:03:14,20.054,2
2026-06-09,AD 91 58 A3,วุฒิชัย,12:58:17,12.971,1
2026-06-09,AD 91 58 A3,วุฒิชัย,20:49:53,20.831,2
2026-06-10,AD 91 58 A3,วุฒิชัย,06:03:42,6.062,1
2026-06-10,AD 91 58 A3,วุฒิชัย,14:35:44,14.596,2
2026-06-11,AD 91 58 A3,วุฒิชัย,06:00:37,6.01,1
2026-06-11,AD 91 58 A3,วุฒิชัย,14:01:39,14.028,2
2026-06-12,AD 91 58 A3,วุฒิชัย,13:02:41,13.045,1
2026-06-12,AD 91 58 A3,วุฒิชัย,20:58:09,20.969,2
2026-06-13,AD 91 58 A3,วุฒิชัย,06:02:40,6.044,1
2026-06-13,AD 91 58 A3,วุฒิชัย,14:06:39,14.111,2
2026-06-14,AD 91 58 A3,วุฒิชัย,12:58:59,12.983,1
2026-06-14,AD 91 58 A3,วุฒิชัย,20:52:20,20.872,2
2026-06-16,AD 91 58 A3,วุฒิชัย,13:03:08,13.052,1
2026-06-16,AD 91 58 A3,วุฒิชัย,20:57:13,20.954,2
2026-06-17,AD 91 58 A3,วุฒิชัย,06:01:51,6.031,1
2026-06-17,AD 91 58 A3,วุฒิชัย,14:03:17,14.055,2
2026-06-18,AD 91 58 A3,วุฒิชัย,13:41:12,13.687,1
2026-06-20,AD 91 58 A3,วุฒิชัย,13:13:34,13.226,1
2026-06-20,AD 91 58 A3,วุฒิชัย,20:48:08,20.802,2
2026-06-21,AD 91 58 A3,วุฒิชัย,13:00:36,13.01,1
2026-06-21,AD 91 58 A3,วุฒิชัย,20:51:44,20.862,2
2026-06-22,AD 91 58 A3,วุฒิชัย,07:57:13,7.954,1
2026-06-22,AD 91 58 A3,วุฒิชัย,20:01:51,20.031,2
2026-06-23,AD 91 58 A3,วุฒิชัย,13:01:54,13.032,1
2026-06-23,AD 91 58 A3,วุฒิชัย,20:52:30,20.875,2
2026-06-24,AD 91 58 A3,วุฒิชัย,06:02:14,6.037,1
2026-06-24,AD 91 58 A3,วุฒิชัย,14:03:40,14.061,2
2026-06-25,AD 91 58 A3,วุฒิชัย,06:02:26,6.041,1
2026-06-25,AD 91 58 A3,วุฒิชัย,14:01:08,14.019,2
2026-06-27,AD 91 58 A3,วุฒิชัย,13:01:13,13.02,1
2026-06-27,AD 91 58 A3,วุฒิชัย,20:52:59,20.883,2
2026-06-28,AD 91 58 A3,วุฒิชัย,13:01:25,13.024,1
2026-06-28,AD 91 58 A3,วุฒิชัย,20:48:29,20.808,2
2026-06-29,AD 91 58 A3,วุฒิชัย,07:59:53,7.998,1
2026-06-29,AD 91 58 A3,วุฒิชัย,20:01:51,20.031,2
2026-06-30,AD 91 58 A3,วุฒิชัย,13:00:51,13.014,1
2026-06-30,AD 91 58 A3,วุฒิชัย,20:50:52,20.848,2
2026-07-01,AD 91 58 A3,วุฒิชัย,06:05:11,6.086,1
2026-07-01,AD 91 58 A3,วุฒิชัย,14:06:30,14.108,2
2026-07-02,AD 91 58 A3,วุฒิชัย,06:03:34,6.059,1
2026-07-02,AD 91 58 A3,วุฒิชัย,14:01:38,14.027,2
2026-07-04,AD 91 58 A3,วุฒิชัย,13:01:20,13.022,1
2026-07-04,AD 91 58 A3,วุฒิชัย,20:56:11,20.936,2
2026-07-05,AD 91 58 A3,วุฒิชัย,12:59:04,12.984,1
2026-07-06,AD 91 58 A3,วุฒิชัย,20:03:22,20.056,1
2026-07-07,AD 91 58 A3,วุฒิชัย,13:03:10,13.053,1
2026-07-07,AD 91 58 A3,วุฒิชัย,20:51:26,20.857,2
2026-07-08,AD 91 58 A3,วุฒิชัย,08:01:54,8.032,1
2026-07-08,AD 91 58 A3,วุฒิชัย,20:01:52,20.031,2
2026-07-09,AD 91 58 A3,วุฒิชัย,07:00:33,7.009,1
2026-07-09,AD 91 58 A3,วุฒิชัย,15:01:11,15.02,2
2026-07-12,AD 91 58 A3,วุฒิชัย,13:02:44,13.046,1
2026-07-12,AD 91 58 A3,วุฒิชัย,20:51:21,20.856,2
2026-07-13,AD 91 58 A3,วุฒิชัย,08:01:16,8.021,1
2026-07-14,AD 91 58 A3,วุฒิชัย,13:02:24,13.04,1
2026-07-14,AD 91 58 A3,วุฒิชัย,20:51:15,20.854,2
2026-07-15,AD 91 58 A3,วุฒิชัย,14:06:23,14.106,1
2026-07-16,AD 91 58 A3,วุฒิชัย,06:03:32,6.059,1
2026-07-16,AD 91 58 A3,วุฒิชัย,14:03:32,14.059,2
2026-07-19,AD 91 58 A3,วุฒิชัย,13:03:46,13.063,1
2026-07-19,AD 91 58 A3,วุฒิชัย,20:47:24,20.79,2
2026-07-20,AD 91 58 A3,วุฒิชัย,07:59:09,7.986,1
2026-07-20,AD 91 58 A3,วุฒิชัย,20:02:16,20.038,2
2026-07-21,AD 91 58 A3,วุฒิชัย,06:04:07,6.069,1
2026-07-21,AD 91 58 A3,วุฒิชัย,14:02:38,14.044,2
2026-07-22,AD 91 58 A3,วุฒิชัย,06:01:58,6.033,1
2026-07-22,AD 91 58 A3,วุฒิชัย,14:05:01,14.084,2
2026-07-23,AD 91 58 A3,วุฒิชัย,06:03:25,6.057,1
2026-07-23,AD 91 58 A3,วุฒิชัย,14:01:08,14.019,2
2026-07-25,AD 91 58 A3,วุฒิชัย,13:02:14,13.037,1
2026-07-25,AD 91 58 A3,วุฒิชัย,20:53:22,20.889,2
2026-07-26,AD 91 58 A3,วุฒิชัย,13:02:38,13.044,1
2026-07-26,AD 91 58 A3,วุฒิชัย,20:51:53,20.865,2
2026-07-27,AD 91 58 A3,วุฒิชัย,08:02:15,8.038,1
2026-07-27,AD 91 58 A3,วุฒิชัย,20:02:30,20.042,2
2026-07-28,AD 91 58 A3,วุฒิชัย,06:03:53,6.065,1
2026-07-28,AD 91 58 A3,วุฒิชัย,14:03:51,14.064,2
2026-07-29,AD 91 58 A3,วุฒิชัย,06:05:04,6.084,1
2026-07-29,AD 91 58 A3,วุฒิชัย,14:03:09,14.052,2
2026-07-30,AD 91 58 A3,วุฒิชัย,14:01:03,14.018,1
2026-08-01,AD 91 58 A3,วุฒิชัย,13:01:38,13.027,1
2026-08-01,AD 91 58 A3,วุฒิชัย,20:53:06,20.885,2
2026-08-02,AD 91 58 A3,วุฒิชัย,13:02:36,13.043,1
2026-08-02,AD 91 58 A3,วุฒิชัย,20:48:28,20.808,2
2026-08-03,AD 91 58 A3,วุฒิชัย,07:52:48,7.88,1
2026-08-03,AD 91 58 A3,วุฒิชัย,20:00:10,20.003,2
2026-08-04,AD 91 58 A3,วุฒิชัย,06:02:27,6.041,1
2026-08-04,AD 91 58 A3,วุฒิชัย,14:06:02,14.101,2
2026-08-05,AD 91 58 A3,วุฒิชัย,06:05:03,6.084,1
2026-08-05,AD 91 58 A3,วุฒิชัย,14:04:18,14.072,2
2026-08-06,AD 91 58 A3,วุฒิชัย,06:04:00,6.067,1
2026-08-06,AD 91 58 A3,วุฒิชัย,14:01:04,14.018,2
2026-08-08,AD 91 58 A3,วุฒิชัย,13:03:10,13.053,1
2026-08-08,AD 91 58 A3,วุฒิชัย,20:49:16,20.821,2
2026-08-09,AD 91 58 A3,วุฒิชัย,13:03:37,13.06,1
2026-08-09,AD 91 58 A3,วุฒิชัย,20:49:55,20.832,2
2026-08-10,AD 91 58 A3,วุฒิชัย,07:53:16,7.888,1
2026-08-10,AD 91 58 A3,วุฒิชัย,20:00:02,20.001,2
2026-08-11,AD 91 58 A3,วุฒิชัย,14:00:20,14.006,1
2026-08-13,AD 91 58 A3,วุฒิชัย,14:02:57,14.049,1
2026-08-15,AD 91 58 A3,วุฒิชัย,06:02:44,6.046,1
2026-08-15,AD 91 58 A3,วุฒิชัย,14:01:31,14.025,2
2026-08-16,AD 91 58 A3,วุฒิชัย,12:58:17,12.971,1
2026-08-16,AD 91 58 A3,วุฒิชัย,20:54:11,20.903,2
2026-08-17,AD 91 58 A3,วุฒิชัย,07:57:09,7.953,1
2026-08-19,AD 91 58 A3,วุฒิชัย,06:06:30,6.108,1
2026-08-19,AD 91 58 A3,วุฒิชัย,14:00:58,14.016,2
2026-08-20,AD 91 58 A3,วุฒิชัย,06:04:37,6.077,1
2026-08-20,AD 91 58 A3,วุฒิชัย,14:06:21,14.106,2
2026-08-22,AD 91 58 A3,วุฒิชัย,13:02:54,13.048,1
2026-08-22,AD 91 58 A3,วุฒิชัย,20:49:23,20.823,2
2026-08-23,AD 91 58 A3,วุฒิชัย,13:01:41,13.028,1
2026-08-23,AD 91 58 A3,วุฒิชัย,20:50:57,20.849,2
2026-08-24,AD 91 58 A3,วุฒิชัย,08:03:38,8.061,1
2026-08-27,AD 91 58 A3,วุฒิชัย,06:04:56,6.082,1
2026-08-29,AD 91 58 A3,วุฒิชัย,13:03:02,13.051,1
2026-08-29,AD 91 58 A3,วุฒิชัย,20:46:19,20.772,2
2026-08-30,AD 91 58 A3,วุฒิชัย,13:03:12,13.053,1
2026-08-31,AD 91 58 A3,วุฒิชัย,20:01:31,20.025,1
2026-09-01,AD 91 58 A3,วุฒิชัย,14:03:15,14.054,1
2026-09-02,AD 91 58 A3,วุฒิชัย,06:06:19,6.105,1
2026-09-02,AD 91 58 A3,วุฒิชัย,14:14:32,14.242,2
2026-09-03,AD 91 58 A3,วุฒิชัย,06:07:45,6.129,1
2026-09-03,AD 91 58 A3,วุฒิชัย,14:01:41,14.028,2
2026-09-04,AD 91 58 A3,วุฒิชัย,06:03:08,6.052,1
2026-09-06,AD 91 58 A3,วุฒิชัย,13:02:59,13.05,1
2026-09-06,AD 91 58 A3,วุฒิชัย,20:48:30,20.808,2
2026-09-07,AD 91 58 A3,วุฒิชัย,08:02:39,8.044,1
2026-09-07,AD 91 58 A3,วุฒิชัย,20:00:24,20.007,2
2026-09-08,AD 91 58 A3,วุฒิชัย,06:04:30,6.075,1
2026-09-09,AD 91 58 A3,วุฒิชัย,06:05:18,6.088,1
2026-09-09,AD 91 58 A3,วุฒิชัย,14:02:59,14.05,2
2026-09-10,AD 91 58 A3,วุฒิชัย,06:04:28,6.074,1
2026-09-10,AD 91 58 A3,วุฒิชัย,14:02:04,14.034,2
2026-09-12,AD 91 58 A3,วุฒิชัย,13:04:45,13.079,1
2026-09-12,AD 91 58 A3,วุฒิชัย,20:47:35,20.793,2
2026-09-14,AD 91 58 A3,วุฒิชัย,20:01:17,20.021,1
2026-09-15,AD 91 58 A3,วุฒิชัย,06:04:05,6.068,1
2026-09-15,AD 91 58 A3,วุฒิชัย,14:00:57,14.016,2
2026-09-16,AD 91 58 A3,วุฒิชัย,06:04:05,6.068,1
2026-09-16,AD 91 58 A3,วุฒิชัย,14:04:02,14.067,2
2026-09-17,AD 91 58 A3,วุฒิชัย,14:08:21,14.139,1
2026-09-18,AD 91 58 A3,วุฒิชัย,05:59:53,5.998,1
2026-09-18,AD 91 58 A3,วุฒิชัย,14:03:20,14.056,2
2026-09-20,AD 91 58 A3,วุฒิชัย,13:05:12,13.087,1
2026-09-20,AD 91 58 A3,วุฒิชัย,20:47:01,20.784,2
2026-09-21,AD 91 58 A3,วุฒิชัย,20:06:19,20.105,1
2026-09-22,AD 91 58 A3,วุฒิชัย,06:04:16,6.071,1
2026-09-22,AD 91 58 A3,วุฒิชัย,14:05:28,14.091,2
2026-09-23,AD 91 58 A3,วุฒิชัย,06:04:00,6.067,1
2026-09-23,AD 91 58 A3,วุฒิชัย,14:04:05,14.068,2
2026-09-24,AD 91 58 A3,วุฒิชัย,06:02:58,6.049,1
2026-06-05,4F A0 A8 41,สมพงษ์,17:04:00,17.067,1
2026-06-06,4F A0 A8 41,สมพงษ์,07:51:28,7.858,1
2026-06-06,4F A0 A8 41,สมพงษ์,17:00:12,17.003,2
2026-06-07,4F A0 A8 41,สมพงษ์,07:55:58,7.933,1
2026-06-07,4F A0 A8 41,สมพงษ์,16:56:48,16.947,2
2026-06-08,4F A0 A8 41,สมพงษ์,07:55:43,7.929,1
2026-06-08,4F A0 A8 41,สมพงษ์,19:31:05,19.518,2
2026-06-09,4F A0 A8 41,สมพงษ์,07:56:53,7.948,1
2026-06-09,4F A0 A8 41,สมพงษ์,19:29:48,19.497,2
2026-06-10,4F A0 A8 41,สมพงษ์,07:58:38,7.977,1
2026-06-10,4F A0 A8 41,สมพงษ์,19:29:47,19.496,2
2026-06-12,4F A0 A8 41,สมพงษ์,07:59:45,7.996,1
2026-06-12,4F A0 A8 41,สมพงษ์,17:00:45,17.012,2
2026-06-13,4F A0 A8 41,สมพงษ์,07:58:49,7.98,1
2026-06-13,4F A0 A8 41,สมพงษ์,17:08:56,17.149,2
2026-06-14,4F A0 A8 41,สมพงษ์,07:56:32,7.942,1
2026-06-14,4F A0 A8 41,สมพงษ์,17:00:27,17.008,2
2026-06-15,4F A0 A8 41,สมพงษ์,07:56:17,7.938,1
2026-06-15,4F A0 A8 41,สมพงษ์,19:28:55,19.482,2
2026-06-16,4F A0 A8 41,สมพงษ์,07:58:43,7.979,1
2026-06-16,4F A0 A8 41,สมพงษ์,19:28:11,19.47,2
2026-06-17,4F A0 A8 41,สมพงษ์,07:58:37,7.977,1
2026-06-17,4F A0 A8 41,สมพงษ์,17:00:54,17.015,2
2026-06-19,4F A0 A8 41,สมพงษ์,07:53:06,7.885,1
2026-06-19,4F A0 A8 41,สมพงษ์,17:00:14,17.004,2
2026-06-20,4F A0 A8 41,สมพงษ์,17:03:09,17.053,1
2026-06-21,4F A0 A8 41,สมพงษ์,07:58:44,7.979,1
2026-06-21,4F A0 A8 41,สมพงษ์,17:03:04,17.051,2
2026-06-22,4F A0 A8 41,สมพงษ์,07:58:33,7.976,1
2026-06-22,4F A0 A8 41,สมพงษ์,19:28:53,19.481,2
2026-06-23,4F A0 A8 41,สมพงษ์,08:00:58,8.016,1
2026-06-24,4F A0 A8 41,สมพงษ์,07:55:57,7.932,1
2026-06-24,4F A0 A8 41,สมพงษ์,17:00:20,17.006,2
2026-06-26,4F A0 A8 41,สมพงษ์,07:56:32,7.942,1
2026-06-26,4F A0 A8 41,สมพงษ์,17:00:32,17.009,2
2026-06-27,4F A0 A8 41,สมพงษ์,08:00:33,8.009,1
2026-06-27,4F A0 A8 41,สมพงษ์,17:00:32,17.009,2
2026-06-28,4F A0 A8 41,สมพงษ์,07:58:32,7.976,1
2026-06-28,4F A0 A8 41,สมพงษ์,16:59:03,16.984,2
2026-06-29,4F A0 A8 41,สมพงษ์,08:01:08,8.019,1
2026-06-29,4F A0 A8 41,สมพงษ์,19:29:02,19.484,2
2026-06-30,4F A0 A8 41,สมพงษ์,07:53:17,7.888,1
2026-07-01,4F A0 A8 41,สมพงษ์,19:53:45,19.896,1
2026-07-03,4F A0 A8 41,สมพงษ์,07:54:27,7.908,1
2026-07-03,4F A0 A8 41,สมพงษ์,17:04:48,17.08,2
2026-07-04,4F A0 A8 41,สมพงษ์,07:57:06,7.952,1
2026-07-04,4F A0 A8 41,สมพงษ์,16:57:50,16.964,2
2026-07-05,4F A0 A8 41,สมพงษ์,07:56:42,7.945,1
2026-07-06,4F A0 A8 41,สมพงษ์,19:30:02,19.501,1
2026-07-07,4F A0 A8 41,สมพงษ์,07:56:36,7.943,1
2026-07-07,4F A0 A8 41,สมพงษ์,19:31:41,19.528,2
2026-07-08,4F A0 A8 41,สมพงษ์,08:01:39,8.028,1
2026-07-08,4F A0 A8 41,สมพงษ์,17:01:26,17.024,2
2026-07-10,4F A0 A8 41,สมพงษ์,07:58:10,7.969,1
2026-07-11,4F A0 A8 41,สมพงษ์,07:59:01,7.984,1
2026-07-11,4F A0 A8 41,สมพงษ์,16:58:11,16.97,2
2026-07-12,4F A0 A8 41,สมพงษ์,07:57:14,7.954,1
2026-07-12,4F A0 A8 41,สมพงษ์,16:58:09,16.969,2
2026-07-13,4F A0 A8 41,สมพงษ์,07:58:01,7.967,1
2026-07-13,4F A0 A8 41,สมพงษ์,19:30:22,19.506,2
2026-07-14,4F A0 A8 41,สมพงษ์,07:59:20,7.989,1
2026-07-14,4F A0 A8 41,สมพงษ์,19:29:31,19.492,2
2026-07-15,4F A0 A8 41,สมพงษ์,07:56:27,7.941,1
2026-07-15,4F A0 A8 41,สมพงษ์,16:59:18,16.988,2
2026-07-17,4F A0 A8 41,สมพงษ์,16:58:05,16.968,1
2026-07-18,4F A0 A8 41,สมพงษ์,08:00:50,8.014,1
2026-07-18,4F A0 A8 41,สมพงษ์,16:58:24,16.973,2
2026-07-19,4F A0 A8 41,สมพงษ์,08:00:39,8.011,1
2026-07-19,4F A0 A8 41,สมพงษ์,12:07:34,12.126,2
2026-07-19,4F A0 A8 41,สมพงษ์,16:58:08,16.969,3
2026-07-20,4F A0 A8 41,สมพงษ์,07:56:19,7.939,1
2026-07-20,4F A0 A8 41,สมพงษ์,19:32:38,19.544,2
2026-07-21,4F A0 A8 41,สมพงษ์,08:01:04,8.018,1
2026-07-21,4F A0 A8 41,สมพงษ์,19:29:30,19.492,2
2026-07-22,4F A0 A8 41,สมพงษ์,07:57:22,7.956,1
2026-07-24,4F A0 A8 41,สมพงษ์,07:58:20,7.972,1
2026-07-24,4F A0 A8 41,สมพงษ์,17:01:53,17.031,2
2026-07-25,4F A0 A8 41,สมพงษ์,07:59:10,7.986,1
2026-07-25,4F A0 A8 41,สมพงษ์,16:59:11,16.986,2
2026-07-26,4F A0 A8 41,สมพงษ์,07:58:25,7.974,1
2026-07-26,4F A0 A8 41,สมพงษ์,16:59:58,16.999,2
2026-07-27,4F A0 A8 41,สมพงษ์,07:53:32,7.892,1
2026-07-27,4F A0 A8 41,สมพงษ์,19:31:34,19.526,2
2026-07-28,4F A0 A8 41,สมพงษ์,08:00:37,8.01,1
2026-07-28,4F A0 A8 41,สมพงษ์,19:29:57,19.499,2
2026-07-29,4F A0 A8 41,สมพงษ์,07:58:50,7.981,1
2026-07-29,4F A0 A8 41,สมพงษ์,17:02:24,17.04,2
2026-07-31,4F A0 A8 41,สมพงษ์,08:03:03,8.051,1
2026-08-01,4F A0 A8 41,สมพงษ์,08:00:07,8.002,1
2026-08-01,4F A0 A8 41,สมพงษ์,16:59:24,16.99,2
2026-08-02,4F A0 A8 41,สมพงษ์,08:04:35,8.076,1
2026-08-02,4F A0 A8 41,สมพงษ์,16:59:10,16.986,2
2026-08-03,4F A0 A8 41,สมพงษ์,07:56:11,7.936,1
2026-08-03,4F A0 A8 41,สมพงษ์,19:27:58,19.466,2
2026-08-04,4F A0 A8 41,สมพงษ์,07:58:01,7.967,1
2026-08-04,4F A0 A8 41,สมพงษ์,19:30:17,19.505,2
2026-08-05,4F A0 A8 41,สมพงษ์,07:51:02,7.851,1
2026-08-05,4F A0 A8 41,สมพงษ์,16:59:50,16.997,2
2026-08-07,4F A0 A8 41,สมพงษ์,07:57:54,7.965,1
2026-08-07,4F A0 A8 41,สมพงษ์,16:56:57,16.949,2
2026-08-08,4F A0 A8 41,สมพงษ์,07:56:24,7.94,1
2026-08-08,4F A0 A8 41,สมพงษ์,17:07:32,17.126,2
2026-08-09,4F A0 A8 41,สมพงษ์,07:59:03,7.984,1
2026-08-09,4F A0 A8 41,สมพงษ์,17:01:12,17.02,2
2026-08-10,4F A0 A8 41,สมพงษ์,07:58:59,7.983,1
2026-08-10,4F A0 A8 41,สมพงษ์,19:29:56,19.499,2
2026-08-11,4F A0 A8 41,สมพงษ์,08:00:14,8.004,1
2026-08-11,4F A0 A8 41,สมพงษ์,19:30:47,19.513,2
2026-08-14,4F A0 A8 41,สมพงษ์,07:55:33,7.926,1
2026-08-14,4F A0 A8 41,สมพงษ์,16:59:53,16.998,2
2026-08-15,4F A0 A8 41,สมพงษ์,07:54:06,7.902,1
2026-08-15,4F A0 A8 41,สมพงษ์,17:01:11,17.02,2
2026-08-16,4F A0 A8 41,สมพงษ์,07:55:23,7.923,1
2026-08-16,4F A0 A8 41,สมพงษ์,16:59:50,16.997,2
2026-08-17,4F A0 A8 41,สมพงษ์,07:58:42,7.978,1
2026-08-18,4F A0 A8 41,สมพงษ์,19:37:05,19.618,1
2026-08-19,4F A0 A8 41,สมพงษ์,08:00:15,8.004,1
2026-08-19,4F A0 A8 41,สมพงษ์,12:33:00,12.55,2
2026-08-21,4F A0 A8 41,สมพงษ์,07:59:37,7.994,1
2026-08-21,4F A0 A8 41,สมพงษ์,17:01:58,17.033,2
2026-08-22,4F A0 A8 41,สมพงษ์,07:57:25,7.957,1
2026-08-22,4F A0 A8 41,สมพงษ์,16:57:08,16.952,2
2026-08-23,4F A0 A8 41,สมพงษ์,08:00:10,8.003,1
2026-08-23,4F A0 A8 41,สมพงษ์,17:02:12,17.037,2
2026-08-24,4F A0 A8 41,สมพงษ์,07:56:31,7.942,1
2026-08-26,4F A0 A8 41,สมพงษ์,17:02:01,17.034,1
2026-08-28,4F A0 A8 41,สมพงษ์,07:56:29,7.941,1
2026-08-28,4F A0 A8 41,สมพงษ์,17:00:37,17.01,2
2026-08-29,4F A0 A8 41,สมพงษ์,07:54:04,7.901,1
2026-08-29,4F A0 A8 41,สมพงษ์,17:00:15,17.004,2
2026-08-30,4F A0 A8 41,สมพงษ์,07:57:03,7.951,1
2026-08-30,4F A0 A8 41,สมพงษ์,17:05:29,17.091,2
2026-09-01,4F A0 A8 41,สมพงษ์,08:00:11,8.003,1
2026-09-01,4F A0 A8 41,สมพงษ์,19:29:51,19.498,2
2026-09-02,4F A0 A8 41,สมพงษ์,07:56:23,7.94,1
2026-09-02,4F A0 A8 41,สมพงษ์,19:29:02,19.484,2
2026-09-04,4F A0 A8 41,สมพงษ์,07:56:47,7.946,1
2026-09-04,4F A0 A8 41,สมพงษ์,16:59:24,16.99,2
2026-09-05,4F A0 A8 41,สมพงษ์,07:59:50,7.997,1
2026-09-06,4F A0 A8 41,สมพงษ์,07:56:04,7.934,1
2026-09-06,4F A0 A8 41,สมพงษ์,17:00:30,17.008,2
2026-09-07,4F A0 A8 41,สมพงษ์,07:59:17,7.988,1
2026-09-07,4F A0 A8 41,สมพงษ์,19:30:23,19.506,2
2026-09-08,4F A0 A8 41,สมพงษ์,07:58:49,7.98,1
2026-09-08,4F A0 A8 41,สมพงษ์,19:31:16,19.521,2
2026-09-09,4F A0 A8 41,สมพงษ์,07:59:14,7.987,1
2026-09-09,4F A0 A8 41,สมพงษ์,16:57:19,16.955,2
2026-09-11,4F A0 A8 41,สมพงษ์,07:57:03,7.951,1
2026-09-11,4F A0 A8 41,สมพงษ์,16:58:39,16.978,2
2026-09-12,4F A0 A8 41,สมพงษ์,07:58:48,7.98,1
2026-09-12,4F A0 A8 41,สมพงษ์,17:02:03,17.034,2
2026-09-14,4F A0 A8 41,สมพงษ์,11:59:52,11.998,1
2026-09-14,4F A0 A8 41,สมพงษ์,19:28:30,19.475,2
2026-09-15,4F A0 A8 41,สมพงษ์,07:58:00,7.967,1
2026-09-15,4F A0 A8 41,สมพงษ์,19:29:11,19.486,2
2026-09-16,4F A0 A8 41,สมพงษ์,07:54:25,7.907,1
2026-09-18,4F A0 A8 41,สมพงษ์,08:00:40,8.011,1
2026-09-18,4F A0 A8 41,สมพงษ์,17:01:28,17.024,2
2026-09-19,4F A0 A8 41,สมพงษ์,07:55:34,7.926,1
2026-09-19,4F A0 A8 41,สมพงษ์,16:58:56,16.982,2
2026-09-20,4F A0 A8 41,สมพงษ์,08:01:33,8.026,1
2026-09-20,4F A0 A8 41,สมพงษ์,17:00:33,17.009,2
2026-09-21,4F A0 A8 41,สมพงษ์,07:59:14,7.987,1
2026-09-21,4F A0 A8 41,สมพงษ์,19:30:22,19.506,2
2026-09-22,4F A0 A8 41,สมพงษ์,07:57:41,7.961,1
2026-09-22,4F A0 A8 41,สมพงษ์,19:30:11,19.503,2
2026-09-23,4F A0 A8 41,สมพงษ์,08:01:37,8.027,1
2026-06-02,DD AD 5F A3,สมศักดิ์,05:50:15,5.837,1
2026-06-02,DD AD 5F A3,สมศักดิ์,13:57:02,13.951,2
2026-06-03,DD AD 5F A3,สมศักดิ์,07:48:38,7.811,1
2026-06-03,DD AD 5F A3,สมศักดิ์,19:58:24,19.973,2
2026-06-04,DD AD 5F A3,สมศักดิ์,12:45:43,12.762,1
2026-06-05,DD AD 5F A3,สมศักดิ์,12:55:41,12.928,1
2026-06-05,DD AD 5F A3,สมศักดิ์,20:52:20,20.872,2
2026-06-06,DD AD 5F A3,สมศักดิ์,05:46:56,5.782,1
2026-06-06,DD AD 5F A3,สมศักดิ์,14:00:27,14.008,2
2026-06-07,DD AD 5F A3,สมศักดิ์,05:58:39,5.978,1
2026-06-07,DD AD 5F A3,สมศักดิ์,13:58:43,13.979,2
2026-06-09,DD AD 5F A3,สมศักดิ์,05:51:25,5.857,1
2026-06-09,DD AD 5F A3,สมศักดิ์,14:00:15,14.004,2
2026-06-10,DD AD 5F A3,สมศักดิ์,07:41:39,7.694,1
2026-06-10,DD AD 5F A3,สมศักดิ์,19:58:55,19.982,2
2026-06-11,DD AD 5F A3,สมศักดิ์,12:48:44,12.812,1
2026-06-11,DD AD 5F A3,สมศักดิ์,20:52:14,20.871,2
2026-06-12,DD AD 5F A3,สมศักดิ์,05:53:14,5.887,1
2026-06-12,DD AD 5F A3,สมศักดิ์,13:58:59,13.983,2
2026-06-13,DD AD 5F A3,สมศักดิ์,12:51:06,12.852,1
2026-06-13,DD AD 5F A3,สมศักดิ์,20:54:51,20.914,2
2026-06-14,DD AD 5F A3,สมศักดิ์,05:52:59,5.883,1
2026-06-14,DD AD 5F A3,สมศักดิ์,14:00:57,14.016,2
2026-06-15,DD AD 5F A3,สมศักดิ์,05:51:59,5.866,1
2026-06-15,DD AD 5F A3,สมศักดิ์,14:02:53,14.048,2
2026-06-16,DD AD 5F A3,สมศักดิ์,06:11:07,6.185,1
2026-06-16,DD AD 5F A3,สมศักดิ์,13:59:49,13.997,2
2026-06-17,DD AD 5F A3,สมศักดิ์,07:39:45,7.663,1
2026-06-18,DD AD 5F A3,สมศักดิ์,20:53:49,20.897,1
2026-06-19,DD AD 5F A3,สมศักดิ์,12:46:32,12.776,1
2026-06-19,DD AD 5F A3,สมศักดิ์,20:51:07,20.852,2
2026-06-20,DD AD 5F A3,สมศักดิ์,05:50:58,5.849,1
2026-06-20,DD AD 5F A3,สมศักดิ์,13:54:54,13.915,2
2026-06-21,DD AD 5F A3,สมศักดิ์,05:49:57,5.832,1
2026-06-21,DD AD 5F A3,สมศักดิ์,13:56:21,13.939,2
2026-06-23,DD AD 5F A3,สมศักดิ์,05:47:05,5.785,1
2026-06-23,DD AD 5F A3,สมศักดิ์,13:54:52,13.914,2
2026-06-24,DD AD 5F A3,สมศักดิ์,07:54:19,7.905,1
2026-06-24,DD AD 5F A3,สมศักดิ์,19:57:55,19.965,2
2026-06-25,DD AD 5F A3,สมศักดิ์,12:52:51,12.881,1
2026-06-25,DD AD 5F A3,สมศักดิ์,20:51:19,20.855,2
2026-06-26,DD AD 5F A3,สมศักดิ์,12:50:57,12.849,1
2026-06-26,DD AD 5F A3,สมศักดิ์,20:54:27,20.908,2
2026-06-27,DD AD 5F A3,สมศักดิ์,05:49:39,5.828,1
2026-06-27,DD AD 5F A3,สมศักดิ์,13:55:22,13.923,2
2026-06-28,DD AD 5F A3,สมศักดิ์,05:49:43,5.829,1
2026-06-28,DD AD 5F A3,สมศักดิ์,13:51:38,13.861,2
2026-06-30,DD AD 5F A3,สมศักดิ์,05:50:22,5.839,1
2026-06-30,DD AD 5F A3,สมศักดิ์,14:04:44,14.079,2
2026-07-01,DD AD 5F A3,สมศักดิ์,07:36:31,7.609,1
2026-07-01,DD AD 5F A3,สมศักดิ์,20:00:05,20.001,2
2026-07-02,DD AD 5F A3,สมศักดิ์,12:59:58,12.999,1
2026-07-02,DD AD 5F A3,สมศักดิ์,20:48:16,20.804,2
2026-07-03,DD AD 5F A3,สมศักดิ์,12:53:04,12.884,1
2026-07-03,DD AD 5F A3,สมศักดิ์,20:50:20,20.839,2
2026-07-04,DD AD 5F A3,สมศักดิ์,05:44:14,5.737,1
2026-07-04,DD AD 5F A3,สมศักดิ์,13:51:32,13.859,2
2026-07-05,DD AD 5F A3,สมศักดิ์,05:45:08,5.752,1
2026-07-05,DD AD 5F A3,สมศักดิ์,13:55:12,13.92,2
2026-07-07,DD AD 5F A3,สมศักดิ์,05:50:42,5.845,1
2026-07-07,DD AD 5F A3,สมศักดิ์,13:53:17,13.888,2
2026-07-08,DD AD 5F A3,สมศักดิ์,05:47:21,5.789,1
2026-07-08,DD AD 5F A3,สมศักดิ์,13:52:31,13.875,2
2026-07-09,DD AD 5F A3,สมศักดิ์,12:55:06,12.918,1
2026-07-09,DD AD 5F A3,สมศักดิ์,20:51:25,20.857,2
2026-07-10,DD AD 5F A3,สมศักดิ์,12:51:04,12.851,1
2026-07-10,DD AD 5F A3,สมศักดิ์,20:50:02,20.834,2
2026-07-11,DD AD 5F A3,สมศักดิ์,07:39:16,7.654,1
2026-07-11,DD AD 5F A3,สมศักดิ์,19:57:03,19.951,2
2026-07-12,DD AD 5F A3,สมศักดิ์,05:52:56,5.882,1
2026-07-12,DD AD 5F A3,สมศักดิ์,13:53:23,13.89,2
2026-07-14,DD AD 5F A3,สมศักดิ์,05:53:43,5.895,1
2026-07-14,DD AD 5F A3,สมศักดิ์,13:57:29,13.958,2
2026-07-15,DD AD 5F A3,สมศักดิ์,07:42:02,7.701,1
2026-07-15,DD AD 5F A3,สมศักดิ์,19:53:44,19.896,2
2026-07-16,DD AD 5F A3,สมศักดิ์,12:45:58,12.766,1
2026-07-16,DD AD 5F A3,สมศักดิ์,20:54:36,20.91,2
2026-07-17,DD AD 5F A3,สมศักดิ์,12:43:20,12.722,1
2026-07-17,DD AD 5F A3,สมศักดิ์,20:47:41,20.795,2
2026-07-18,DD AD 5F A3,สมศักดิ์,05:55:49,5.93,1
2026-07-18,DD AD 5F A3,สมศักดิ์,13:57:12,13.953,2
2026-07-19,DD AD 5F A3,สมศักดิ์,05:55:40,5.928,1
2026-07-19,DD AD 5F A3,สมศักดิ์,13:57:56,13.966,2
2026-07-21,DD AD 5F A3,สมศักดิ์,12:47:40,12.794,1
2026-07-21,DD AD 5F A3,สมศักดิ์,20:51:49,20.864,2
2026-07-22,DD AD 5F A3,สมศักดิ์,07:45:40,7.761,1
2026-07-22,DD AD 5F A3,สมศักดิ์,19:58:00,19.967,2
2026-07-23,DD AD 5F A3,สมศักดิ์,12:51:29,12.858,1
2026-07-23,DD AD 5F A3,สมศักดิ์,20:50:02,20.834,2
2026-07-24,DD AD 5F A3,สมศักดิ์,12:47:42,12.795,1
2026-07-24,DD AD 5F A3,สมศักดิ์,20:49:29,20.825,2
2026-07-25,DD AD 5F A3,สมศักดิ์,05:55:40,5.928,1
2026-07-25,DD AD 5F A3,สมศักดิ์,13:56:44,13.946,2
2026-07-26,DD AD 5F A3,สมศักดิ์,05:50:07,5.835,1
2026-07-28,DD AD 5F A3,สมศักดิ์,12:54:59,12.916,1
2026-07-28,DD AD 5F A3,สมศักดิ์,20:54:06,20.902,2
2026-07-29,DD AD 5F A3,สมศักดิ์,07:40:36,7.677,1
2026-07-29,DD AD 5F A3,สมศักดิ์,19:57:27,19.958,2
2026-07-30,DD AD 5F A3,สมศักดิ์,12:48:40,12.811,1
2026-07-30,DD AD 5F A3,สมศักดิ์,20:50:32,20.842,2
2026-07-31,DD AD 5F A3,สมศักดิ์,12:51:46,12.863,1
2026-07-31,DD AD 5F A3,สมศักดิ์,20:54:05,20.901,2
2026-08-01,DD AD 5F A3,สมศักดิ์,05:51:07,5.852,1
2026-08-01,DD AD 5F A3,สมศักดิ์,13:55:54,13.932,2
2026-08-02,DD AD 5F A3,สมศักดิ์,06:15:32,6.259,1
2026-08-02,DD AD 5F A3,สมศักดิ์,14:04:22,14.073,2
2026-08-04,DD AD 5F A3,สมศักดิ์,12:51:41,12.861,1
2026-08-04,DD AD 5F A3,สมศักดิ์,20:52:38,20.877,2
2026-08-05,DD AD 5F A3,สมศักดิ์,07:48:50,7.814,1
2026-08-05,DD AD 5F A3,สมศักดิ์,19:59:35,19.993,2
2026-08-06,DD AD 5F A3,สมศักดิ์,12:56:17,12.938,1
2026-08-06,DD AD 5F A3,สมศักดิ์,20:45:38,20.761,2
2026-08-07,DD AD 5F A3,สมศักดิ์,12:47:29,12.791,1
2026-08-07,DD AD 5F A3,สมศักดิ์,20:45:47,20.763,2
2026-08-08,DD AD 5F A3,สมศักดิ์,05:44:16,5.738,1
2026-08-08,DD AD 5F A3,สมศักดิ์,13:52:21,13.872,2
2026-08-09,DD AD 5F A3,สมศักดิ์,05:47:23,5.79,1
2026-08-09,DD AD 5F A3,สมศักดิ์,13:51:39,13.861,2
2026-08-11,DD AD 5F A3,สมศักดิ์,12:46:39,12.778,1
2026-08-11,DD AD 5F A3,สมศักดิ์,20:49:00,20.817,2
2026-08-13,DD AD 5F A3,สมศักดิ์,12:50:37,12.844,1
2026-08-13,DD AD 5F A3,สมศักดิ์,20:47:05,20.785,2
2026-08-14,DD AD 5F A3,สมศักดิ์,12:50:35,12.843,1
2026-08-14,DD AD 5F A3,สมศักดิ์,20:50:51,20.848,2
2026-08-15,DD AD 5F A3,สมศักดิ์,20:47:23,20.79,1
2026-08-16,DD AD 5F A3,สมศักดิ์,05:49:10,5.819,1
2026-08-16,DD AD 5F A3,สมศักดิ์,13:54:01,13.9,2
2026-08-18,DD AD 5F A3,สมศักดิ์,20:52:23,20.873,1
2026-08-19,DD AD 5F A3,สมศักดิ์,07:50:35,7.843,1
2026-08-20,DD AD 5F A3,สมศักดิ์,20:53:56,20.899,1
2026-08-21,DD AD 5F A3,สมศักดิ์,12:49:14,12.821,1
2026-08-21,DD AD 5F A3,สมศักดิ์,20:51:20,20.856,2
2026-08-22,DD AD 5F A3,สมศักดิ์,05:53:25,5.89,1
2026-08-22,DD AD 5F A3,สมศักดิ์,13:55:32,13.926,2
2026-08-23,DD AD 5F A3,สมศักดิ์,05:46:28,5.774,1
2026-08-26,DD AD 5F A3,สมศักดิ์,20:00:10,20.003,1
2026-08-27,DD AD 5F A3,สมศักดิ์,12:51:47,12.863,1
2026-08-27,DD AD 5F A3,สมศักดิ์,20:46:54,20.782,2
2026-08-28,DD AD 5F A3,สมศักดิ์,12:56:47,12.946,1
2026-08-28,DD AD 5F A3,สมศักดิ์,20:44:46,20.746,2
2026-08-29,DD AD 5F A3,สมศักดิ์,05:49:57,5.832,1
2026-08-29,DD AD 5F A3,สมศักดิ์,13:54:05,13.901,2
2026-08-30,DD AD 5F A3,สมศักดิ์,05:46:32,5.776,1
2026-08-30,DD AD 5F A3,สมศักดิ์,13:50:51,13.848,2
2026-09-01,DD AD 5F A3,สมศักดิ์,20:59:05,20.985,1
2026-09-02,DD AD 5F A3,สมศักดิ์,07:53:00,7.883,1
2026-09-02,DD AD 5F A3,สมศักดิ์,19:53:47,19.896,2
2026-09-03,DD AD 5F A3,สมศักดิ์,12:51:34,12.859,1
2026-09-03,DD AD 5F A3,สมศักดิ์,20:47:23,20.79,2
2026-09-04,DD AD 5F A3,สมศักดิ์,12:51:19,12.855,1
2026-09-04,DD AD 5F A3,สมศักดิ์,20:51:17,20.855,2
2026-09-05,DD AD 5F A3,สมศักดิ์,20:45:43,20.762,1
2026-09-06,DD AD 5F A3,สมศักดิ์,05:56:37,5.944,1
2026-09-06,DD AD 5F A3,สมศักดิ์,13:55:43,13.929,2
2026-09-08,DD AD 5F A3,สมศักดิ์,20:50:51,20.848,1
2026-09-09,DD AD 5F A3,สมศักดิ์,07:48:09,7.802,1
2026-09-09,DD AD 5F A3,สมศักดิ์,19:59:35,19.993,2
2026-09-10,DD AD 5F A3,สมศักดิ์,12:46:39,12.778,1
2026-09-11,DD AD 5F A3,สมศักดิ์,12:52:55,12.882,1
2026-09-11,DD AD 5F A3,สมศักดิ์,20:48:56,20.816,2
2026-09-12,DD AD 5F A3,สมศักดิ์,05:54:12,5.903,1
2026-09-12,DD AD 5F A3,สมศักดิ์,13:54:34,13.909,2
2026-09-15,DD AD 5F A3,สมศักดิ์,20:44:40,20.744,1
2026-09-16,DD AD 5F A3,สมศักดิ์,07:52:58,7.883,1
2026-09-17,DD AD 5F A3,สมศักดิ์,12:48:21,12.806,1
2026-09-17,DD AD 5F A3,สมศักดิ์,20:44:35,20.743,2
2026-09-18,DD AD 5F A3,สมศักดิ์,12:43:25,12.724,1
2026-09-19,DD AD 5F A3,สมศักดิ์,12:55:17,12.921,1
2026-09-19,DD AD 5F A3,สมศักดิ์,20:47:41,20.795,2
2026-09-20,DD AD 5F A3,สมศักดิ์,05:50:50,5.847,1
2026-09-20,DD AD 5F A3,สมศักดิ์,13:54:03,13.901,2
2026-09-22,DD AD 5F A3,สมศักดิ์,12:45:15,12.754,1
2026-09-22,DD AD 5F A3,สมศักดิ์,20:44:18,20.738,2
2026-09-23,DD AD 5F A3,สมศักดิ์,07:48:24,7.807,1
2026-09-23,DD AD 5F A3,สมศักดิ์,19:56:35,19.943,2
2026-06-05,07 3D AA 41,สมเดช,17:02:54,17.048,1
2026-06-06,07 3D AA 41,สมเดช,07:50:57,7.849,1
2026-06-06,07 3D AA 41,สมเดช,17:05:14,17.087,2
2026-06-07,07 3D AA 41,สมเดช,07:52:55,7.882,1
2026-06-07,07 3D AA 41,สมเดช,12:16:52,12.281,2
2026-06-07,07 3D AA 41,สมเดช,12:56:49,12.947,3
2026-06-07,07 3D AA 41,สมเดช,19:30:56,19.516,4
2026-06-08,07 3D AA 41,สมเดช,07:51:10,7.853,1
2026-06-08,07 3D AA 41,สมเดช,12:35:35,12.593,2
2026-06-08,07 3D AA 41,สมเดช,13:18:41,13.311,3
2026-06-08,07 3D AA 41,สมเดช,17:02:11,17.036,4
2026-06-10,07 3D AA 41,สมเดช,07:56:12,7.937,1
2026-06-10,07 3D AA 41,สมเดช,17:05:32,17.092,2
2026-06-11,07 3D AA 41,สมเดช,07:52:36,7.877,1
2026-06-11,07 3D AA 41,สมเดช,12:36:52,12.614,2
2026-06-11,07 3D AA 41,สมเดช,19:32:15,19.538,3
2026-06-12,07 3D AA 41,สมเดช,07:54:08,7.902,1
2026-06-12,07 3D AA 41,สมเดช,12:15:35,12.26,2
2026-06-12,07 3D AA 41,สมเดช,12:58:19,12.972,3
2026-06-12,07 3D AA 41,สมเดช,17:01:58,17.033,4
2026-06-13,07 3D AA 41,สมเดช,07:53:48,7.897,1
2026-06-13,07 3D AA 41,สมเดช,12:19:24,12.323,2
2026-06-13,07 3D AA 41,สมเดช,13:12:05,13.201,3
2026-06-13,07 3D AA 41,สมเดช,17:07:38,17.127,4
2026-06-14,07 3D AA 41,สมเดช,07:54:56,7.916,1
2026-06-14,07 3D AA 41,สมเดช,12:32:38,12.544,2
2026-06-14,07 3D AA 41,สมเดช,13:25:30,13.425,3
2026-06-14,07 3D AA 41,สมเดช,19:31:16,19.521,4
2026-06-15,07 3D AA 41,สมเดช,07:53:31,7.892,1
2026-06-15,07 3D AA 41,สมเดช,12:01:14,12.021,2
2026-06-15,07 3D AA 41,สมเดช,12:57:02,12.951,3
2026-06-15,07 3D AA 41,สมเดช,17:02:08,17.036,4
2026-06-17,07 3D AA 41,สมเดช,07:55:23,7.923,1
2026-06-17,07 3D AA 41,สมเดช,13:02:10,13.036,2
2026-06-17,07 3D AA 41,สมเดช,13:48:04,13.801,3
2026-06-17,07 3D AA 41,สมเดช,17:02:57,17.049,4
2026-06-18,07 3D AA 41,สมเดช,19:31:13,19.52,1
2026-06-19,07 3D AA 41,สมเดช,07:49:41,7.828,1
2026-06-19,07 3D AA 41,สมเดช,12:06:56,12.116,2
2026-06-19,07 3D AA 41,สมเดช,12:58:46,12.979,3
2026-06-19,07 3D AA 41,สมเดช,17:01:05,17.018,4
2026-06-20,07 3D AA 41,สมเดช,17:02:08,17.036,1
2026-06-21,07 3D AA 41,สมเดช,07:50:31,7.842,1
2026-06-21,07 3D AA 41,สมเดช,12:11:34,12.193,2
2026-06-21,07 3D AA 41,สมเดช,13:07:33,13.126,3
2026-06-21,07 3D AA 41,สมเดช,19:32:05,19.535,4
2026-06-22,07 3D AA 41,สมเดช,07:49:14,7.821,1
2026-06-22,07 3D AA 41,สมเดช,12:38:07,12.635,2
2026-06-22,07 3D AA 41,สมเดช,13:16:31,13.275,3
2026-06-22,07 3D AA 41,สมเดช,17:02:52,17.048,4
2026-06-24,07 3D AA 41,สมเดช,07:50:43,7.845,1
2026-06-24,07 3D AA 41,สมเดช,12:02:39,12.044,2
2026-06-24,07 3D AA 41,สมเดช,12:56:42,12.945,3
2026-06-24,07 3D AA 41,สมเดช,19:32:17,19.538,4
2026-06-25,07 3D AA 41,สมเดช,07:51:40,7.861,1
2026-06-25,07 3D AA 41,สมเดช,12:00:39,12.011,2
2026-06-25,07 3D AA 41,สมเดช,12:57:35,12.96,3
2026-06-25,07 3D AA 41,สมเดช,19:31:54,19.532,4
2026-06-26,07 3D AA 41,สมเดช,07:53:17,7.888,1
2026-06-26,07 3D AA 41,สมเดช,12:29:18,12.488,2
2026-06-26,07 3D AA 41,สมเดช,13:24:54,13.415,3
2026-06-26,07 3D AA 41,สมเดช,17:03:11,17.053,4
2026-06-27,07 3D AA 41,สมเดช,07:51:09,7.852,1
2026-06-27,07 3D AA 41,สมเดช,12:01:25,12.024,2
2026-06-27,07 3D AA 41,สมเดช,12:55:59,12.933,3
2026-06-27,07 3D AA 41,สมเดช,17:00:44,17.012,4
2026-06-28,07 3D AA 41,สมเดช,07:51:33,7.859,1
2026-06-28,07 3D AA 41,สมเดช,12:24:05,12.401,2
2026-06-28,07 3D AA 41,สมเดช,13:22:27,13.374,3
2026-06-28,07 3D AA 41,สมเดช,19:31:25,19.524,4
2026-06-29,07 3D AA 41,สมเดช,07:51:54,7.865,1
2026-06-29,07 3D AA 41,สมเดช,12:01:23,12.023,2
2026-06-29,07 3D AA 41,สมเดช,12:57:34,12.959,3
2026-06-29,07 3D AA 41,สมเดช,17:02:43,17.045,4
2026-07-01,07 3D AA 41,สมเดช,07:50:35,7.843,1
2026-07-01,07 3D AA 41,สมเดช,12:02:03,12.034,2
2026-07-01,07 3D AA 41,สมเดช,12:57:37,12.96,3
2026-07-01,07 3D AA 41,สมเดช,17:06:17,17.105,4
2026-07-02,07 3D AA 41,สมเดช,07:55:51,7.931,1
2026-07-02,07 3D AA 41,สมเดช,12:34:42,12.578,2
2026-07-02,07 3D AA 41,สมเดช,13:26:27,13.441,3
2026-07-02,07 3D AA 41,สมเดช,19:33:01,19.55,4
2026-07-03,07 3D AA 41,สมเดช,07:52:33,7.876,1
2026-07-03,07 3D AA 41,สมเดช,12:12:13,12.204,2
2026-07-03,07 3D AA 41,สมเดช,13:08:41,13.145,3
2026-07-03,07 3D AA 41,สมเดช,17:02:10,17.036,4
2026-07-04,07 3D AA 41,สมเดช,07:52:26,7.874,1
2026-07-04,07 3D AA 41,สมเดช,12:15:04,12.251,2
2026-07-04,07 3D AA 41,สมเดช,13:12:33,13.209,3
2026-07-04,07 3D AA 41,สมเดช,17:02:55,17.049,4
2026-07-05,07 3D AA 41,สมเดช,07:55:26,7.924,1
2026-07-05,07 3D AA 41,สมเดช,12:26:09,12.436,2
2026-07-05,07 3D AA 41,สมเดช,13:23:58,13.399,3
2026-07-06,07 3D AA 41,สมเดช,12:08:30,12.142,1
2026-07-06,07 3D AA 41,สมเดช,13:03:27,13.058,2
2026-07-06,07 3D AA 41,สมเดช,17:02:49,17.047,3
2026-07-08,07 3D AA 41,สมเดช,07:51:40,7.861,1
2026-07-08,07 3D AA 41,สมเดช,12:07:29,12.125,2
2026-07-08,07 3D AA 41,สมเดช,13:02:29,13.041,3
2026-07-08,07 3D AA 41,สมเดช,19:30:58,19.516,4
2026-07-09,07 3D AA 41,สมเดช,07:57:01,7.95,1
2026-07-09,07 3D AA 41,สมเดช,17:04:00,17.067,2
2026-07-10,07 3D AA 41,สมเดช,07:58:37,7.977,1
2026-07-10,07 3D AA 41,สมเดช,12:09:47,12.163,2
2026-07-10,07 3D AA 41,สมเดช,13:01:09,13.019,3
2026-07-10,07 3D AA 41,สมเดช,17:07:59,17.133,4
2026-07-11,07 3D AA 41,สมเดช,07:53:53,7.898,1
2026-07-11,07 3D AA 41,สมเดช,12:04:58,12.083,2
2026-07-11,07 3D AA 41,สมเดช,13:01:20,13.022,3
2026-07-11,07 3D AA 41,สมเดช,17:02:18,17.038,4
2026-07-12,07 3D AA 41,สมเดช,12:53:13,12.887,1
2026-07-12,07 3D AA 41,สมเดช,13:37:40,13.628,2
2026-07-12,07 3D AA 41,สมเดช,19:33:49,19.564,3
2026-07-13,07 3D AA 41,สมเดช,07:57:15,7.954,1
2026-07-13,07 3D AA 41,สมเดช,12:05:24,12.09,2
2026-07-13,07 3D AA 41,สมเดช,13:00:48,13.013,3
2026-07-13,07 3D AA 41,สมเดช,17:01:10,17.019,4
2026-07-15,07 3D AA 41,สมเดช,07:55:51,7.931,1
2026-07-15,07 3D AA 41,สมเดช,12:34:11,12.57,2
2026-07-15,07 3D AA 41,สมเดช,13:32:17,13.538,3
2026-07-15,07 3D AA 41,สมเดช,19:34:13,19.57,4
2026-07-16,07 3D AA 41,สมเดช,12:43:26,12.724,1
2026-07-16,07 3D AA 41,สมเดช,13:41:45,13.696,2
2026-07-16,07 3D AA 41,สมเดช,19:31:04,19.518,3
2026-07-17,07 3D AA 41,สมเดช,07:55:25,7.924,1
2026-07-17,07 3D AA 41,สมเดช,12:24:26,12.407,2
2026-07-17,07 3D AA 41,สมเดช,13:24:41,13.411,3
2026-07-17,07 3D AA 41,สมเดช,17:03:08,17.052,4
2026-07-18,07 3D AA 41,สมเดช,07:49:54,7.832,1
2026-07-18,07 3D AA 41,สมเดช,12:02:04,12.034,2
2026-07-18,07 3D AA 41,สมเดช,12:58:02,12.967,3
2026-07-18,07 3D AA 41,สมเดช,17:07:09,17.119,4
2026-07-19,07 3D AA 41,สมเดช,07:53:58,7.899,1
2026-07-19,07 3D AA 41,สมเดช,12:24:06,12.402,2
2026-07-19,07 3D AA 41,สมเดช,13:06:09,13.102,3
2026-07-19,07 3D AA 41,สมเดช,19:31:50,19.531,4
2026-07-20,07 3D AA 41,สมเดช,07:52:53,7.881,1
2026-07-20,07 3D AA 41,สมเดช,12:06:27,12.108,2
2026-07-20,07 3D AA 41,สมเดช,12:57:18,12.955,3
2026-07-20,07 3D AA 41,สมเดช,17:02:43,17.045,4
2026-07-22,07 3D AA 41,สมเดช,07:53:27,7.891,1
2026-07-22,07 3D AA 41,สมเดช,12:27:25,12.457,2
2026-07-22,07 3D AA 41,สมเดช,13:25:14,13.421,3
2026-07-22,07 3D AA 41,สมเดช,17:01:54,17.032,4
2026-07-23,07 3D AA 41,สมเดช,07:52:25,7.874,1
2026-07-23,07 3D AA 41,สมเดช,13:04:47,13.08,2
2026-07-23,07 3D AA 41,สมเดช,13:50:48,13.847,3
2026-07-23,07 3D AA 41,สมเดช,19:30:53,19.515,4
2026-07-24,07 3D AA 41,สมเดช,07:56:33,7.942,1
2026-07-24,07 3D AA 41,สมเดช,12:48:01,12.8,2
2026-07-24,07 3D AA 41,สมเดช,13:45:13,13.754,3
2026-07-24,07 3D AA 41,สมเดช,17:03:42,17.062,4
2026-07-25,07 3D AA 41,สมเดช,07:52:20,7.872,1
2026-07-25,07 3D AA 41,สมเดช,12:08:48,12.147,2
2026-07-25,07 3D AA 41,สมเดช,12:59:48,12.997,3
2026-07-25,07 3D AA 41,สมเดช,17:03:23,17.056,4
2026-07-26,07 3D AA 41,สมเดช,07:56:02,7.934,1
2026-07-26,07 3D AA 41,สมเดช,19:32:37,19.544,2
2026-07-28,07 3D AA 41,สมเดช,07:56:09,7.936,1
2026-07-28,07 3D AA 41,สมเดช,12:08:10,12.136,2
2026-07-28,07 3D AA 41,สมเดช,13:05:38,13.094,3
2026-07-28,07 3D AA 41,สมเดช,17:03:13,17.054,4
2026-07-29,07 3D AA 41,สมเดช,07:51:12,7.853,1
2026-07-29,07 3D AA 41,สมเดช,12:00:53,12.015,2
2026-07-29,07 3D AA 41,สมเดช,12:57:58,12.966,3
2026-07-29,07 3D AA 41,สมเดช,19:30:53,19.515,4
2026-07-30,07 3D AA 41,สมเดช,12:09:11,12.153,1
2026-07-30,07 3D AA 41,สมเดช,13:01:43,13.029,2
2026-07-30,07 3D AA 41,สมเดช,19:32:12,19.537,3
2026-07-31,07 3D AA 41,สมเดช,07:50:35,7.843,1
2026-07-31,07 3D AA 41,สมเดช,12:02:26,12.041,2
2026-07-31,07 3D AA 41,สมเดช,12:54:01,12.9,3
2026-07-31,07 3D AA 41,สมเดช,17:14:35,17.243,4
2026-08-01,07 3D AA 41,สมเดช,07:58:40,7.978,1
2026-08-02,07 3D AA 41,สมเดช,07:54:46,7.913,1
2026-08-02,07 3D AA 41,สมเดช,12:55:28,12.924,2
2026-08-02,07 3D AA 41,สมเดช,19:33:12,19.553,3
2026-08-03,07 3D AA 41,สมเดช,07:54:25,7.907,1
2026-08-03,07 3D AA 41,สมเดช,17:03:24,17.057,2
2026-08-05,07 3D AA 41,สมเดช,07:55:30,7.925,1
2026-08-05,07 3D AA 41,สมเดช,17:03:55,17.065,2
2026-08-06,07 3D AA 41,สมเดช,07:52:55,7.882,1
2026-08-06,07 3D AA 41,สมเดช,19:32:19,19.539,2
2026-08-07,07 3D AA 41,สมเดช,07:50:39,7.844,1
2026-08-07,07 3D AA 41,สมเดช,12:32:14,12.537,2
2026-08-07,07 3D AA 41,สมเดช,13:35:21,13.589,3
2026-08-07,07 3D AA 41,สมเดช,17:01:34,17.026,4
2026-08-08,07 3D AA 41,สมเดช,07:53:47,7.896,1
2026-08-08,07 3D AA 41,สมเดช,17:22:05,17.368,2
2026-08-09,07 3D AA 41,สมเดช,07:50:45,7.846,1
2026-08-09,07 3D AA 41,สมเดช,19:31:53,19.531,2
2026-08-10,07 3D AA 41,สมเดช,07:50:53,7.848,1
2026-08-10,07 3D AA 41,สมเดช,17:02:52,17.048,2
2026-08-13,07 3D AA 41,สมเดช,19:32:20,19.539,1
2026-08-14,07 3D AA 41,สมเดช,07:55:04,7.918,1
2026-08-14,07 3D AA 41,สมเดช,17:03:17,17.055,2
2026-08-15,07 3D AA 41,สมเดช,07:54:22,7.906,1
2026-08-15,07 3D AA 41,สมเดช,17:02:33,17.042,2
2026-08-16,07 3D AA 41,สมเดช,07:49:54,7.832,1
2026-08-16,07 3D AA 41,สมเดช,19:31:06,19.518,2
2026-08-17,07 3D AA 41,สมเดช,07:52:47,7.88,1
2026-08-19,07 3D AA 41,สมเดช,07:56:21,7.939,1
2026-08-19,07 3D AA 41,สมเดช,19:31:50,19.531,2
2026-08-20,07 3D AA 41,สมเดช,19:31:15,19.521,1
2026-08-21,07 3D AA 41,สมเดช,07:57:15,7.954,1
2026-08-21,07 3D AA 41,สมเดช,12:08:49,12.147,2
2026-08-21,07 3D AA 41,สมเดช,12:59:15,12.987,3
2026-08-21,07 3D AA 41,สมเดช,17:05:46,17.096,4
2026-08-23,07 3D AA 41,สมเดช,07:51:55,7.865,1
2026-08-23,07 3D AA 41,สมเดช,19:31:50,19.531,2
2026-08-24,07 3D AA 41,สมเดช,07:52:34,7.876,1
2026-08-24,07 3D AA 41,สมเดช,17:06:09,17.103,2
2026-08-26,07 3D AA 41,สมเดช,17:04:16,17.071,1
2026-08-27,07 3D AA 41,สมเดช,07:53:04,7.884,1
2026-08-27,07 3D AA 41,สมเดช,19:31:23,19.523,2
2026-08-28,07 3D AA 41,สมเดช,07:58:13,7.97,1
2026-08-28,07 3D AA 41,สมเดช,10:28:38,10.477,2
2026-08-29,07 3D AA 41,สมเดช,07:49:31,7.825,1
2026-08-29,07 3D AA 41,สมเดช,17:03:07,17.052,2
2026-08-30,07 3D AA 41,สมเดช,07:49:48,7.83,1
2026-08-31,07 3D AA 41,สมเดช,17:03:21,17.056,1
2026-09-02,07 3D AA 41,สมเดช,07:51:33,7.859,1
2026-09-02,07 3D AA 41,สมเดช,17:02:11,17.036,2
2026-09-03,07 3D AA 41,สมเดช,07:59:20,7.989,1
2026-09-03,07 3D AA 41,สมเดช,19:31:15,19.521,2
2026-09-04,07 3D AA 41,สมเดช,07:55:35,7.926,1
2026-09-04,07 3D AA 41,สมเดช,17:07:38,17.127,2
2026-09-05,07 3D AA 41,สมเดช,07:54:07,7.902,1
2026-09-06,07 3D AA 41,สมเดช,07:51:49,7.864,1
2026-09-06,07 3D AA 41,สมเดช,19:30:37,19.51,2
2026-09-07,07 3D AA 41,สมเดช,07:53:05,7.885,1
2026-09-07,07 3D AA 41,สมเดช,17:03:21,17.056,2
2026-09-09,07 3D AA 41,สมเดช,07:55:54,7.932,1
2026-09-09,07 3D AA 41,สมเดช,19:31:33,19.526,2
2026-09-10,07 3D AA 41,สมเดช,07:55:01,7.917,1
2026-09-11,07 3D AA 41,สมเดช,07:54:40,7.911,1
2026-09-11,07 3D AA 41,สมเดช,17:01:32,17.026,2
2026-09-12,07 3D AA 41,สมเดช,07:48:48,7.813,1
2026-09-12,07 3D AA 41,สมเดช,17:01:02,17.017,2
2026-09-14,07 3D AA 41,สมเดช,12:17:39,12.294,1
2026-09-14,07 3D AA 41,สมเดช,12:46:19,12.772,2
2026-09-14,07 3D AA 41,สมเดช,17:00:11,17.003,3
2026-09-16,07 3D AA 41,สมเดช,07:53:26,7.891,1
2026-09-17,07 3D AA 41,สมเดช,07:52:14,7.871,1
2026-09-17,07 3D AA 41,สมเดช,19:30:51,19.514,2
2026-09-18,07 3D AA 41,สมเดช,07:53:30,7.892,1
2026-09-18,07 3D AA 41,สมเดช,17:00:54,17.015,2
2026-09-19,07 3D AA 41,สมเดช,07:54:20,7.906,1
2026-09-19,07 3D AA 41,สมเดช,17:04:07,17.069,2
2026-09-20,07 3D AA 41,สมเดช,07:54:23,7.906,1
2026-09-20,07 3D AA 41,สมเดช,19:31:49,19.53,2
2026-09-21,07 3D AA 41,สมเดช,07:56:12,7.937,1
2026-09-21,07 3D AA 41,สมเดช,17:00:10,17.003,2
2026-09-23,07 3D AA 41,สมเดช,07:51:28,7.858,1
2026-09-23,07 3D AA 41,สมเดช,17:01:49,17.03,2
2026-09-24,07 3D AA 41,สมเดช,07:53:22,7.889,1
2026-06-01,AD B3 6E A3,สายชล,15:02:56,15.049,1
2026-06-01,AD B3 6E A3,สายชล,15:56:20,15.939,2
2026-06-01,AD B3 6E A3,สายชล,20:42:29,20.708,3
2026-06-01,AD B3 6E A3,สายชล,20:47:36,20.793,4
2026-06-02,AD B3 6E A3,สายชล,06:54:03,6.901,1
2026-06-02,AD B3 6E A3,สายชล,11:03:13,11.054,2
2026-06-02,AD B3 6E A3,สายชล,12:00:13,12.004,3
2026-06-02,AD B3 6E A3,สายชล,15:01:10,15.019,4
2026-06-02,AD B3 6E A3,สายชล,16:00:31,16.009,5
2026-06-02,AD B3 6E A3,สายชล,20:01:49,20.03,6
2026-06-03,AD B3 6E A3,สายชล,06:58:47,6.98,1
2026-06-03,AD B3 6E A3,สายชล,11:00:59,11.016,2
2026-06-03,AD B3 6E A3,สายชล,12:01:02,12.017,3
2026-06-03,AD B3 6E A3,สายชล,15:05:25,15.09,4
2026-06-03,AD B3 6E A3,สายชล,16:00:19,16.005,5
2026-06-03,AD B3 6E A3,สายชล,20:00:16,20.004,6
2026-06-04,AD B3 6E A3,สายชล,06:30:56,6.516,1
2026-06-04,AD B3 6E A3,สายชล,11:02:25,11.04,2
2026-06-04,AD B3 6E A3,สายชล,12:01:54,12.032,3
2026-06-04,AD B3 6E A3,สายชล,17:02:17,17.038,4
2026-06-05,AD B3 6E A3,สายชล,12:01:01,12.017,1
2026-06-05,AD B3 6E A3,สายชล,17:02:48,17.047,2
2026-06-07,AD B3 6E A3,สายชล,06:27:37,6.46,1
2026-06-07,AD B3 6E A3,สายชล,11:02:38,11.044,2
2026-06-07,AD B3 6E A3,สายชล,11:59:39,11.994,3
2026-06-07,AD B3 6E A3,สายชล,17:01:09,17.019,4
2026-06-08,AD B3 6E A3,สายชล,10:58:26,10.974,1
2026-06-08,AD B3 6E A3,สายชล,15:00:00,15.0,2
2026-06-08,AD B3 6E A3,สายชล,15:59:18,15.988,3
2026-06-08,AD B3 6E A3,สายชล,20:45:02,20.751,4
2026-06-09,AD B3 6E A3,สายชล,06:59:27,6.991,1
2026-06-09,AD B3 6E A3,สายชล,11:03:21,11.056,2
2026-06-09,AD B3 6E A3,สายชล,12:00:28,12.008,3
2026-06-09,AD B3 6E A3,สายชล,16:01:39,16.028,4
2026-06-09,AD B3 6E A3,สายชล,17:03:40,17.061,5
2026-06-09,AD B3 6E A3,สายชล,20:02:29,20.041,6
2026-06-10,AD B3 6E A3,สายชล,06:59:24,6.99,1
2026-06-10,AD B3 6E A3,สายชล,11:02:34,11.043,2
2026-06-10,AD B3 6E A3,สายชล,12:00:14,12.004,3
2026-06-10,AD B3 6E A3,สายชล,15:03:27,15.058,4
2026-06-10,AD B3 6E A3,สายชล,15:59:37,15.994,5
2026-06-10,AD B3 6E A3,สายชล,20:02:24,20.04,6
2026-06-11,AD B3 6E A3,สายชล,06:26:35,6.443,1
2026-06-11,AD B3 6E A3,สายชล,11:03:05,11.051,2
2026-06-11,AD B3 6E A3,สายชล,12:02:42,12.045,3
2026-06-11,AD B3 6E A3,สายชล,17:00:58,17.016,4
2026-06-13,AD B3 6E A3,สายชล,10:59:16,10.988,1
2026-06-13,AD B3 6E A3,สายชล,15:02:09,15.036,2
2026-06-13,AD B3 6E A3,สายชล,16:00:40,16.011,3
2026-06-13,AD B3 6E A3,สายชล,20:46:44,20.779,4
2026-06-14,AD B3 6E A3,สายชล,06:28:40,6.478,1
2026-06-14,AD B3 6E A3,สายชล,11:00:45,11.012,2
2026-06-14,AD B3 6E A3,สายชล,12:04:45,12.079,3
2026-06-14,AD B3 6E A3,สายชล,17:00:52,17.014,4
2026-06-15,AD B3 6E A3,สายชล,10:58:20,10.972,1
2026-06-15,AD B3 6E A3,สายชล,15:00:47,15.013,2
2026-06-15,AD B3 6E A3,สายชล,16:00:18,16.005,3
2026-06-15,AD B3 6E A3,สายชล,20:46:38,20.777,4
2026-06-16,AD B3 6E A3,สายชล,06:59:18,6.988,1
2026-06-16,AD B3 6E A3,สายชล,11:01:09,11.019,2
2026-06-16,AD B3 6E A3,สายชล,12:02:16,12.038,3
2026-06-16,AD B3 6E A3,สายชล,16:01:25,16.024,4
2026-06-16,AD B3 6E A3,สายชล,17:02:35,17.043,5
2026-06-16,AD B3 6E A3,สายชล,20:03:28,20.058,6
2026-06-17,AD B3 6E A3,สายชล,06:58:33,6.976,1
2026-06-17,AD B3 6E A3,สายชล,12:01:54,12.032,2
2026-06-17,AD B3 6E A3,สายชล,13:01:32,13.026,3
2026-06-17,AD B3 6E A3,สายชล,16:03:20,16.056,4
2026-06-17,AD B3 6E A3,สายชล,17:03:18,17.055,5
2026-06-18,AD B3 6E A3,สายชล,15:03:04,15.051,1
2026-06-18,AD B3 6E A3,สายชล,16:02:44,16.046,2
2026-06-18,AD B3 6E A3,สายชล,20:03:59,20.066,3
2026-06-19,AD B3 6E A3,สายชล,06:26:29,6.441,1
2026-06-19,AD B3 6E A3,สายชล,11:00:33,11.009,2
2026-06-19,AD B3 6E A3,สายชล,12:01:46,12.029,3
2026-06-21,AD B3 6E A3,สายชล,06:32:11,6.536,1
2026-06-21,AD B3 6E A3,สายชล,11:02:22,11.039,2
2026-06-21,AD B3 6E A3,สายชล,11:59:33,11.992,3
2026-06-21,AD B3 6E A3,สายชล,17:06:57,17.116,4
2026-06-22,AD B3 6E A3,สายชล,06:28:47,6.48,1
2026-06-22,AD B3 6E A3,สายชล,11:02:27,11.041,2
2026-06-22,AD B3 6E A3,สายชล,12:02:11,12.036,3
2026-06-22,AD B3 6E A3,สายชล,17:02:25,17.04,4
2026-06-23,AD B3 6E A3,สายชล,11:01:09,11.019,1
2026-06-23,AD B3 6E A3,สายชล,15:00:08,15.002,2
2026-06-23,AD B3 6E A3,สายชล,16:00:14,16.004,3
2026-06-23,AD B3 6E A3,สายชล,20:46:39,20.778,4
2026-06-24,AD B3 6E A3,สายชล,07:03:51,7.064,1
2026-06-24,AD B3 6E A3,สายชล,10:59:56,10.999,2
2026-06-24,AD B3 6E A3,สายชล,12:00:32,12.009,3
2026-06-24,AD B3 6E A3,สายชล,16:01:25,16.024,4
2026-06-24,AD B3 6E A3,สายชล,17:00:39,17.011,5
2026-06-24,AD B3 6E A3,สายชล,20:01:52,20.031,6
2026-06-25,AD B3 6E A3,สายชล,07:02:21,7.039,1
2026-06-25,AD B3 6E A3,สายชล,11:01:12,11.02,2
2026-06-25,AD B3 6E A3,สายชล,12:00:54,12.015,3
2026-06-25,AD B3 6E A3,สายชล,16:03:24,16.057,4
2026-06-25,AD B3 6E A3,สายชล,17:03:42,17.062,5
2026-06-25,AD B3 6E A3,สายชล,20:00:10,20.003,6
2026-06-26,AD B3 6E A3,สายชล,06:29:14,6.487,1
2026-06-26,AD B3 6E A3,สายชล,11:03:05,11.051,2
2026-06-26,AD B3 6E A3,สายชล,12:00:59,12.016,3
2026-06-26,AD B3 6E A3,สายชล,17:00:01,17.0,4
2026-06-28,AD B3 6E A3,สายชล,11:00:02,11.001,1
2026-06-28,AD B3 6E A3,สายชล,14:01:34,14.026,2
2026-06-28,AD B3 6E A3,สายชล,15:01:23,15.023,3
2026-06-28,AD B3 6E A3,สายชล,20:41:08,20.686,4
2026-06-29,AD B3 6E A3,สายชล,06:27:55,6.465,1
2026-06-29,AD B3 6E A3,สายชล,11:03:34,11.059,2
2026-06-29,AD B3 6E A3,สายชล,12:02:25,12.04,3
2026-06-29,AD B3 6E A3,สายชล,17:02:48,17.047,4
2026-06-30,AD B3 6E A3,สายชล,10:59:41,10.995,1
2026-06-30,AD B3 6E A3,สายชล,15:02:32,15.042,2
2026-06-30,AD B3 6E A3,สายชล,16:01:03,16.017,3
2026-06-30,AD B3 6E A3,สายชล,20:42:44,20.712,4
2026-07-01,AD B3 6E A3,สายชล,07:00:48,7.013,1
2026-07-01,AD B3 6E A3,สายชล,11:01:24,11.023,2
2026-07-01,AD B3 6E A3,สายชล,12:00:09,12.002,3
2026-07-01,AD B3 6E A3,สายชล,16:01:02,16.017,4
2026-07-01,AD B3 6E A3,สายชล,20:00:09,20.002,5
2026-07-02,AD B3 6E A3,สายชล,07:06:22,7.106,1
2026-07-02,AD B3 6E A3,สายชล,11:01:52,11.031,2
2026-07-02,AD B3 6E A3,สายชล,12:01:53,12.031,3
2026-07-02,AD B3 6E A3,สายชล,16:03:51,16.064,4
2026-07-02,AD B3 6E A3,สายชล,17:02:18,17.038,5
2026-07-02,AD B3 6E A3,สายชล,20:03:40,20.061,6
2026-07-03,AD B3 6E A3,สายชล,06:34:54,6.582,1
2026-07-03,AD B3 6E A3,สายชล,11:01:24,11.023,2
2026-07-03,AD B3 6E A3,สายชล,12:02:20,12.039,3
2026-07-03,AD B3 6E A3,สายชล,17:01:32,17.026,4
2026-07-05,AD B3 6E A3,สายชล,11:00:14,11.004,1
2026-07-06,AD B3 6E A3,สายชล,11:04:02,11.067,1
2026-07-06,AD B3 6E A3,สายชล,12:02:57,12.049,2
2026-07-06,AD B3 6E A3,สายชล,17:01:13,17.02,3
2026-07-07,AD B3 6E A3,สายชล,08:57:50,8.964,1
2026-07-07,AD B3 6E A3,สายชล,11:01:17,11.021,2
2026-07-07,AD B3 6E A3,สายชล,12:02:51,12.048,3
2026-07-07,AD B3 6E A3,สายชล,16:01:17,16.021,4
2026-07-07,AD B3 6E A3,สายชล,17:02:28,17.041,5
2026-07-07,AD B3 6E A3,สายชล,20:44:06,20.735,6
2026-07-08,AD B3 6E A3,สายชล,06:59:26,6.991,1
2026-07-08,AD B3 6E A3,สายชล,11:00:52,11.014,2
2026-07-08,AD B3 6E A3,สายชล,12:02:13,12.037,3
2026-07-08,AD B3 6E A3,สายชล,16:01:15,16.021,4
2026-07-08,AD B3 6E A3,สายชล,17:01:48,17.03,5
2026-07-08,AD B3 6E A3,สายชล,20:00:25,20.007,6
2026-07-09,AD B3 6E A3,สายชล,07:04:58,7.083,1
2026-07-09,AD B3 6E A3,สายชล,12:06:25,12.107,2
2026-07-09,AD B3 6E A3,สายชล,15:01:25,15.024,3
2026-07-09,AD B3 6E A3,สายชล,16:00:01,16.0,4
2026-07-09,AD B3 6E A3,สายชล,20:02:01,20.034,5
2026-07-10,AD B3 6E A3,สายชล,06:30:35,6.51,1
2026-07-10,AD B3 6E A3,สายชล,11:02:16,11.038,2
2026-07-10,AD B3 6E A3,สายชล,12:00:49,12.014,3
2026-07-13,AD B3 6E A3,สายชล,06:29:52,6.498,1
2026-07-13,AD B3 6E A3,สายชล,11:01:10,11.019,2
2026-07-13,AD B3 6E A3,สายชล,12:03:14,12.054,3
2026-07-13,AD B3 6E A3,สายชล,17:02:28,17.041,4
2026-07-14,AD B3 6E A3,สายชล,11:00:07,11.002,1
2026-07-14,AD B3 6E A3,สายชล,15:00:17,15.005,2
2026-07-14,AD B3 6E A3,สายชล,20:01:11,20.02,3
2026-07-15,AD B3 6E A3,สายชล,06:59:46,6.996,1
2026-07-15,AD B3 6E A3,สายชล,11:00:51,11.014,2
2026-07-15,AD B3 6E A3,สายชล,12:03:18,12.055,3
2026-07-15,AD B3 6E A3,สายชล,15:01:15,15.021,4
2026-07-15,AD B3 6E A3,สายชล,16:02:43,16.045,5
2026-07-15,AD B3 6E A3,สายชล,20:02:11,20.036,6
2026-07-16,AD B3 6E A3,สายชล,06:57:56,6.966,1
2026-07-16,AD B3 6E A3,สายชล,11:00:44,11.012,2
2026-07-16,AD B3 6E A3,สายชล,12:01:21,12.022,3
2026-07-16,AD B3 6E A3,สายชล,15:01:24,15.023,4
2026-07-16,AD B3 6E A3,สายชล,16:01:50,16.031,5
2026-07-16,AD B3 6E A3,สายชล,20:41:54,20.698,6
2026-07-17,AD B3 6E A3,สายชล,06:30:55,6.515,1
2026-07-17,AD B3 6E A3,สายชล,11:01:49,11.03,2
2026-07-17,AD B3 6E A3,สายชล,12:01:06,12.018,3
2026-07-18,AD B3 6E A3,สายชล,06:33:21,6.556,1
2026-07-18,AD B3 6E A3,สายชล,11:01:17,11.021,2
2026-07-18,AD B3 6E A3,สายชล,12:03:17,12.055,3
2026-07-18,AD B3 6E A3,สายชล,17:05:30,17.092,4
2026-07-20,AD B3 6E A3,สายชล,06:34:29,6.575,1
2026-07-20,AD B3 6E A3,สายชล,11:01:23,11.023,2
2026-07-20,AD B3 6E A3,สายชล,11:59:35,11.993,3
2026-07-20,AD B3 6E A3,สายชล,17:01:57,17.032,4
2026-07-21,AD B3 6E A3,สายชล,10:57:12,10.953,1
2026-07-21,AD B3 6E A3,สายชล,15:01:08,15.019,2
2026-07-21,AD B3 6E A3,สายชล,16:02:28,16.041,3
2026-07-22,AD B3 6E A3,สายชล,10:51:48,10.863,1
2026-07-22,AD B3 6E A3,สายชล,15:00:38,15.011,2
2026-07-22,AD B3 6E A3,สายชล,16:02:27,16.041,3
2026-07-22,AD B3 6E A3,สายชล,20:02:41,20.045,4
2026-07-23,AD B3 6E A3,สายชล,10:59:42,10.995,1
2026-07-23,AD B3 6E A3,สายชล,15:01:41,15.028,2
2026-07-23,AD B3 6E A3,สายชล,16:03:00,16.05,3
2026-07-23,AD B3 6E A3,สายชล,20:38:46,20.646,4
2026-07-24,AD B3 6E A3,สายชล,06:45:19,6.755,1
2026-07-24,AD B3 6E A3,สายชล,11:05:21,11.089,2
2026-07-24,AD B3 6E A3,สายชล,12:03:34,12.059,3
2026-07-24,AD B3 6E A3,สายชล,16:16:54,16.282,4
2026-07-26,AD B3 6E A3,สายชล,06:28:13,6.47,1
2026-07-26,AD B3 6E A3,สายชล,11:00:45,11.012,2
2026-07-26,AD B3 6E A3,สายชล,17:00:08,17.002,3
2026-07-27,AD B3 6E A3,สายชล,06:31:06,6.518,1
2026-07-27,AD B3 6E A3,สายชล,11:02:20,11.039,2
2026-07-27,AD B3 6E A3,สายชล,12:04:22,12.073,3
2026-07-27,AD B3 6E A3,สายชล,17:02:20,17.039,4
2026-07-28,AD B3 6E A3,สายชล,11:00:24,11.007,1
2026-07-28,AD B3 6E A3,สายชล,15:01:28,15.024,2
2026-07-28,AD B3 6E A3,สายชล,16:04:26,16.074,3
2026-07-28,AD B3 6E A3,สายชล,20:44:51,20.748,4
2026-07-29,AD B3 6E A3,สายชล,06:59:44,6.996,1
2026-07-29,AD B3 6E A3,สายชล,11:00:29,11.008,2
2026-07-29,AD B3 6E A3,สายชล,12:00:14,12.004,3
2026-07-29,AD B3 6E A3,สายชล,15:00:50,15.014,4
2026-07-29,AD B3 6E A3,สายชล,16:01:11,16.02,5
2026-07-29,AD B3 6E A3,สายชล,20:01:27,20.024,6
2026-07-30,AD B3 6E A3,สายชล,12:02:44,12.046,1
2026-07-30,AD B3 6E A3,สายชล,13:03:46,13.063,2
2026-07-30,AD B3 6E A3,สายชล,15:01:33,15.026,3
2026-07-30,AD B3 6E A3,สายชล,16:01:51,16.031,4
2026-07-30,AD B3 6E A3,สายชล,20:43:27,20.724,5
2026-07-31,AD B3 6E A3,สายชล,06:32:34,6.543,1
2026-07-31,AD B3 6E A3,สายชล,11:03:12,11.053,2
2026-07-31,AD B3 6E A3,สายชล,12:03:00,12.05,3
2026-07-31,AD B3 6E A3,สายชล,17:00:50,17.014,4
2026-08-02,AD B3 6E A3,สายชล,10:59:37,10.994,1
2026-08-02,AD B3 6E A3,สายชล,15:00:11,15.003,2
2026-08-02,AD B3 6E A3,สายชล,15:59:54,15.998,3
2026-08-02,AD B3 6E A3,สายชล,20:41:19,20.689,4
2026-08-03,AD B3 6E A3,สายชล,06:29:34,6.493,1
2026-08-03,AD B3 6E A3,สายชล,12:00:38,12.011,2
2026-08-03,AD B3 6E A3,สายชล,13:00:59,13.016,3
2026-08-03,AD B3 6E A3,สายชล,17:04:17,17.071,4
2026-08-04,AD B3 6E A3,สายชล,08:00:52,8.014,1
2026-08-04,AD B3 6E A3,สายชล,11:07:06,11.118,2
2026-08-04,AD B3 6E A3,สายชล,12:04:49,12.08,3
2026-08-04,AD B3 6E A3,สายชล,17:01:25,17.024,4
2026-08-05,AD B3 6E A3,สายชล,07:04:09,7.069,1
2026-08-05,AD B3 6E A3,สายชล,11:00:03,11.001,2
2026-08-05,AD B3 6E A3,สายชล,12:01:49,12.03,3
2026-08-05,AD B3 6E A3,สายชล,15:01:50,15.031,4
2026-08-05,AD B3 6E A3,สายชล,16:02:16,16.038,5
2026-08-05,AD B3 6E A3,สายชล,20:00:47,20.013,6
2026-08-06,AD B3 6E A3,สายชล,06:55:53,6.931,1
2026-08-06,AD B3 6E A3,สายชล,12:00:25,12.007,2
2026-08-06,AD B3 6E A3,สายชล,13:01:33,13.026,3
2026-08-06,AD B3 6E A3,สายชล,15:00:42,15.012,4
2026-08-06,AD B3 6E A3,สายชล,16:02:35,16.043,5
2026-08-06,AD B3 6E A3,สายชล,19:59:19,19.989,6
2026-08-07,AD B3 6E A3,สายชล,06:27:29,6.458,1
2026-08-07,AD B3 6E A3,สายชล,12:03:21,12.056,2
2026-08-07,AD B3 6E A3,สายชล,15:59:51,15.997,3
2026-08-09,AD B3 6E A3,สายชล,06:31:39,6.528,1
2026-08-09,AD B3 6E A3,สายชล,11:00:50,11.014,2
2026-08-09,AD B3 6E A3,สายชล,12:03:19,12.055,3
2026-08-09,AD B3 6E A3,สายชล,17:02:08,17.036,4
2026-08-10,AD B3 6E A3,สายชล,06:28:19,6.472,1
2026-08-10,AD B3 6E A3,สายชล,11:02:10,11.036,2
2026-08-10,AD B3 6E A3,สายชล,12:04:41,12.078,3
2026-08-10,AD B3 6E A3,สายชล,17:02:47,17.046,4
2026-08-11,AD B3 6E A3,สายชล,12:03:14,12.054,1
2026-08-11,AD B3 6E A3,สายชล,13:04:19,13.072,2
2026-08-11,AD B3 6E A3,สายชล,15:00:55,15.015,3
2026-08-11,AD B3 6E A3,สายชล,16:03:45,16.062,4
2026-08-11,AD B3 6E A3,สายชล,20:01:12,20.02,5
2026-08-13,AD B3 6E A3,สายชล,11:00:24,11.007,1
2026-08-13,AD B3 6E A3,สายชล,15:00:49,15.014,2
2026-08-13,AD B3 6E A3,สายชล,16:02:55,16.049,3
2026-08-13,AD B3 6E A3,สายชล,20:02:37,20.044,4
2026-08-14,AD B3 6E A3,สายชล,06:33:38,6.561,1
2026-08-14,AD B3 6E A3,สายชล,11:00:12,11.003,2
2026-08-14,AD B3 6E A3,สายชล,12:04:15,12.071,3
2026-08-14,AD B3 6E A3,สายชล,17:00:43,17.012,4
2026-08-16,AD B3 6E A3,สายชล,06:35:53,6.598,1
2026-08-16,AD B3 6E A3,สายชล,11:01:15,11.021,2
2026-08-16,AD B3 6E A3,สายชล,12:03:58,12.066,3
2026-08-16,AD B3 6E A3,สายชล,17:00:58,17.016,4
2026-08-17,AD B3 6E A3,สายชล,06:33:52,6.564,1
2026-08-17,AD B3 6E A3,สายชล,11:00:28,11.008,2
2026-08-17,AD B3 6E A3,สายชล,12:04:57,12.082,3
2026-08-18,AD B3 6E A3,สายชล,20:39:42,20.662,1
2026-08-19,AD B3 6E A3,สายชล,07:04:51,7.081,1
2026-08-19,AD B3 6E A3,สายชล,12:00:08,12.002,2
2026-08-19,AD B3 6E A3,สายชล,15:01:59,15.033,3
2026-08-19,AD B3 6E A3,สายชล,16:04:05,16.068,4
2026-08-20,AD B3 6E A3,สายชล,11:00:15,11.004,1
2026-08-20,AD B3 6E A3,สายชล,15:02:11,15.036,2
2026-08-20,AD B3 6E A3,สายชล,20:02:33,20.042,3
2026-08-21,AD B3 6E A3,สายชล,11:00:30,11.008,1
2026-08-21,AD B3 6E A3,สายชล,15:01:34,15.026,2
2026-08-21,AD B3 6E A3,สายชล,16:03:12,16.053,3
2026-08-21,AD B3 6E A3,สายชล,20:42:02,20.701,4
2026-08-23,AD B3 6E A3,สายชล,06:35:54,6.598,1
2026-08-23,AD B3 6E A3,สายชล,11:02:00,11.033,2
2026-08-23,AD B3 6E A3,สายชล,12:03:59,12.066,3
2026-08-23,AD B3 6E A3,สายชล,17:01:40,17.028,4
2026-08-24,AD B3 6E A3,สายชล,06:26:49,6.447,1
2026-08-24,AD B3 6E A3,สายชล,12:02:07,12.035,2
2026-08-24,AD B3 6E A3,สายชล,13:03:25,13.057,3
2026-08-24,AD B3 6E A3,สายชล,16:03:18,16.055,4
2026-08-27,AD B3 6E A3,สายชล,11:01:04,11.018,1
2026-08-27,AD B3 6E A3,สายชล,15:00:12,15.003,2
2026-08-27,AD B3 6E A3,สายชล,16:04:22,16.073,3
2026-08-27,AD B3 6E A3,สายชล,20:40:15,20.671,4
2026-08-28,AD B3 6E A3,สายชล,06:35:25,6.59,1
2026-08-28,AD B3 6E A3,สายชล,11:00:25,11.007,2
2026-08-28,AD B3 6E A3,สายชล,12:02:57,12.049,3
2026-08-28,AD B3 6E A3,สายชล,17:00:24,17.007,4
2026-08-30,AD B3 6E A3,สายชล,11:04:25,11.074,1
2026-08-30,AD B3 6E A3,สายชล,15:01:35,15.026,2
2026-08-30,AD B3 6E A3,สายชล,16:02:41,16.045,3
2026-08-31,AD B3 6E A3,สายชล,13:02:43,13.045,1
2026-08-31,AD B3 6E A3,สายชล,14:59:49,14.997,2
2026-09-02,AD B3 6E A3,สายชล,07:04:02,7.067,1
2026-09-02,AD B3 6E A3,สายชล,11:01:46,11.029,2
2026-09-02,AD B3 6E A3,สายชล,12:03:55,12.065,3
2026-09-02,AD B3 6E A3,สายชล,15:01:22,15.023,4
2026-09-02,AD B3 6E A3,สายชล,16:01:19,16.022,5
2026-09-02,AD B3 6E A3,สายชล,20:01:31,20.025,6
2026-09-03,AD B3 6E A3,สายชล,06:56:40,6.944,1
2026-09-03,AD B3 6E A3,สายชล,12:01:52,12.031,2
2026-09-03,AD B3 6E A3,สายชล,13:04:26,13.074,3
2026-09-03,AD B3 6E A3,สายชล,15:03:59,15.066,4
2026-09-03,AD B3 6E A3,สายชล,16:04:52,16.081,5
2026-09-04,AD B3 6E A3,สายชล,06:28:04,6.468,1
2026-09-04,AD B3 6E A3,สายชล,11:02:28,11.041,2
2026-09-04,AD B3 6E A3,สายชล,12:04:22,12.073,3
2026-09-04,AD B3 6E A3,สายชล,17:00:08,17.002,4
2026-09-06,AD B3 6E A3,สายชล,10:59:00,10.983,1
2026-09-06,AD B3 6E A3,สายชล,15:00:36,15.01,2
2026-09-06,AD B3 6E A3,สายชล,16:04:00,16.067,3
2026-09-06,AD B3 6E A3,สายชล,20:41:57,20.699,4
2026-09-07,AD B3 6E A3,สายชล,06:30:52,6.514,1
2026-09-07,AD B3 6E A3,สายชล,11:00:46,11.013,2
2026-09-07,AD B3 6E A3,สายชล,12:02:36,12.043,3
2026-09-07,AD B3 6E A3,สายชล,16:59:55,16.999,4
2026-09-08,AD B3 6E A3,สายชล,10:58:06,10.968,1
2026-09-08,AD B3 6E A3,สายชล,16:01:50,16.031,2
2026-09-08,AD B3 6E A3,สายชล,20:40:48,20.68,3
2026-09-09,AD B3 6E A3,สายชล,06:33:37,6.56,1
2026-09-09,AD B3 6E A3,สายชล,11:05:55,11.099,2
2026-09-09,AD B3 6E A3,สายชล,12:00:41,12.011,3
2026-09-09,AD B3 6E A3,สายชล,15:00:27,15.008,4
2026-09-09,AD B3 6E A3,สายชล,16:02:52,16.048,5
2026-09-09,AD B3 6E A3,สายชล,19:58:46,19.979,6
2026-09-10,AD B3 6E A3,สายชล,07:03:47,7.063,1
2026-09-10,AD B3 6E A3,สายชล,12:01:00,12.017,2
2026-09-10,AD B3 6E A3,สายชล,13:05:55,13.099,3
2026-09-10,AD B3 6E A3,สายชล,16:01:57,16.032,4
2026-09-10,AD B3 6E A3,สายชล,17:00:25,17.007,5
2026-09-11,AD B3 6E A3,สายชล,06:35:15,6.587,1
2026-09-11,AD B3 6E A3,สายชล,11:00:38,11.011,2
2026-09-11,AD B3 6E A3,สายชล,12:05:12,12.087,3
2026-09-11,AD B3 6E A3,สายชล,17:00:06,17.002,4
2026-09-14,AD B3 6E A3,สายชล,11:02:36,11.043,1
2026-09-14,AD B3 6E A3,สายชล,17:04:50,17.081,2
2026-09-15,AD B3 6E A3,สายชล,10:59:33,10.992,1
2026-09-15,AD B3 6E A3,สายชล,15:01:01,15.017,2
2026-09-15,AD B3 6E A3,สายชล,16:01:55,16.032,3
2026-09-15,AD B3 6E A3,สายชล,20:39:59,20.666,4
2026-09-16,AD B3 6E A3,สายชล,07:05:56,7.099,1
2026-09-16,AD B3 6E A3,สายชล,10:59:18,10.988,2
2026-09-16,AD B3 6E A3,สายชล,11:59:45,11.996,3
2026-09-17,AD B3 6E A3,สายชล,07:06:18,7.105,1
2026-09-17,AD B3 6E A3,สายชล,12:00:17,12.005,2
2026-09-17,AD B3 6E A3,สายชล,13:04:28,13.074,3
2026-09-17,AD B3 6E A3,สายชล,16:01:44,16.029,4
2026-09-17,AD B3 6E A3,สายชล,20:03:56,20.066,5
2026-09-18,AD B3 6E A3,สายชล,06:00:11,6.003,1
2026-09-18,AD B3 6E A3,สายชล,12:12:23,12.206,2
2026-09-18,AD B3 6E A3,สายชล,14:03:44,14.062,3
2026-09-20,AD B3 6E A3,สายชล,15:01:02,15.017,1
2026-09-20,AD B3 6E A3,สายชล,16:04:26,16.074,2
2026-09-20,AD B3 6E A3,สายชล,20:00:59,20.016,3
2026-09-21,AD B3 6E A3,สายชล,06:31:14,6.521,1
2026-09-21,AD B3 6E A3,สายชล,11:01:37,11.027,2
2026-09-21,AD B3 6E A3,สายชล,12:03:56,12.066,3
2026-09-21,AD B3 6E A3,สายชล,17:00:47,17.013,4
2026-09-22,AD B3 6E A3,สายชล,06:28:02,6.467,1
2026-09-22,AD B3 6E A3,สายชล,10:59:22,10.989,2
2026-09-22,AD B3 6E A3,สายชล,12:04:46,12.079,3
2026-09-22,AD B3 6E A3,สายชล,17:02:27,17.041,4
2026-09-23,AD B3 6E A3,สายชล,07:02:33,7.042,1
2026-09-23,AD B3 6E A3,สายชล,10:59:50,10.997,2
2026-09-23,AD B3 6E A3,สายชล,12:01:44,12.029,3
2026-09-23,AD B3 6E A3,สายชล,15:00:29,15.008,4
2026-09-23,AD B3 6E A3,สายชล,15:59:06,15.985,5
2026-09-23,AD B3 6E A3,สายชล,20:00:23,20.006,6
2026-09-24,AD B3 6E A3,สายชล,06:58:39,6.978,1
2026-09-24,AD B3 6E A3,สายชล,11:00:47,11.013,2
2026-06-01,ED 1B 85 A4,สุรชัย,15:02:33,15.042,1
2026-06-01,ED 1B 85 A4,สุรชัย,16:10:18,16.172,2
2026-06-01,ED 1B 85 A4,สุรชัย,19:59:31,19.992,3
2026-06-02,ED 1B 85 A4,สุรชัย,06:54:18,6.905,1
2026-06-02,ED 1B 85 A4,สุรชัย,11:03:18,11.055,2
2026-06-02,ED 1B 85 A4,สุรชัย,12:00:18,12.005,3
2026-06-02,ED 1B 85 A4,สุรชัย,15:00:59,15.016,4
2026-06-02,ED 1B 85 A4,สุรชัย,16:00:55,16.015,5
2026-06-02,ED 1B 85 A4,สุรชัย,20:42:12,20.703,6
2026-06-03,ED 1B 85 A4,สุรชัย,07:54:49,7.914,1
2026-06-03,ED 1B 85 A4,สุรชัย,11:00:34,11.009,2
2026-06-03,ED 1B 85 A4,สุรชัย,12:02:28,12.041,3
2026-06-03,ED 1B 85 A4,สุรชัย,17:02:18,17.038,4
2026-06-05,ED 1B 85 A4,สุรชัย,15:01:09,15.019,1
2026-06-05,ED 1B 85 A4,สุรชัย,15:59:46,15.996,2
2026-06-05,ED 1B 85 A4,สุรชัย,20:43:34,20.726,3
2026-06-06,ED 1B 85 A4,สุรชัย,06:28:48,6.48,1
2026-06-06,ED 1B 85 A4,สุรชัย,11:04:42,11.078,2
2026-06-06,ED 1B 85 A4,สุรชัย,12:01:15,12.021,3
2026-06-06,ED 1B 85 A4,สุรชัย,17:00:25,17.007,4
2026-06-07,ED 1B 85 A4,สุรชัย,10:56:21,10.939,1
2026-06-07,ED 1B 85 A4,สุรชัย,15:01:27,15.024,2
2026-06-07,ED 1B 85 A4,สุรชัย,16:01:42,16.028,3
2026-06-07,ED 1B 85 A4,สุรชัย,20:01:34,20.026,4
2026-06-08,ED 1B 85 A4,สุรชัย,06:54:28,6.908,1
2026-06-08,ED 1B 85 A4,สุรชัย,11:00:33,11.009,2
2026-06-08,ED 1B 85 A4,สุรชัย,11:58:10,11.969,3
2026-06-08,ED 1B 85 A4,สุรชัย,15:02:06,15.035,4
2026-06-08,ED 1B 85 A4,สุรชัย,15:59:23,15.99,5
2026-06-08,ED 1B 85 A4,สุรชัย,20:48:09,20.803,6
2026-06-09,ED 1B 85 A4,สุรชัย,06:55:18,6.922,1
2026-06-09,ED 1B 85 A4,สุรชัย,11:04:23,11.073,2
2026-06-09,ED 1B 85 A4,สุรชัย,11:59:36,11.993,3
2026-06-09,ED 1B 85 A4,สุรชัย,14:06:25,14.107,4
2026-06-10,ED 1B 85 A4,สุรชัย,06:22:40,6.378,1
2026-06-10,ED 1B 85 A4,สุรชัย,10:59:49,10.997,2
2026-06-10,ED 1B 85 A4,สุรชัย,12:01:04,12.018,3
2026-06-10,ED 1B 85 A4,สุรชัย,17:09:24,17.157,4
2026-06-12,ED 1B 85 A4,สุรชัย,10:57:38,10.961,1
2026-06-12,ED 1B 85 A4,สุรชัย,15:00:08,15.002,2
2026-06-12,ED 1B 85 A4,สุรชัย,15:58:56,15.982,3
2026-06-12,ED 1B 85 A4,สุรชัย,20:51:39,20.861,4
2026-06-13,ED 1B 85 A4,สุรชัย,06:19:15,6.321,1
2026-06-13,ED 1B 85 A4,สุรชัย,11:05:39,11.094,2
2026-06-13,ED 1B 85 A4,สุรชัย,12:00:03,12.001,3
2026-06-13,ED 1B 85 A4,สุรชัย,17:03:35,17.06,4
2026-06-14,ED 1B 85 A4,สุรชัย,10:51:56,10.866,1
2026-06-14,ED 1B 85 A4,สุรชัย,15:00:48,15.013,2
2026-06-14,ED 1B 85 A4,สุรชัย,15:58:15,15.971,3
2026-06-14,ED 1B 85 A4,สุรชัย,20:46:05,20.768,4
2026-06-15,ED 1B 85 A4,สุรชัย,06:52:06,6.868,1
2026-06-15,ED 1B 85 A4,สุรชัย,11:00:38,11.011,2
2026-06-15,ED 1B 85 A4,สุรชัย,11:58:36,11.977,3
2026-06-15,ED 1B 85 A4,สุรชัย,15:02:13,15.037,4
2026-06-15,ED 1B 85 A4,สุรชัย,15:59:43,15.995,5
2026-06-15,ED 1B 85 A4,สุรชัย,20:52:12,20.87,6
2026-06-17,ED 1B 85 A4,สุรชัย,06:25:32,6.426,1
2026-06-17,ED 1B 85 A4,สุรชัย,11:01:02,11.017,2
2026-06-17,ED 1B 85 A4,สุรชัย,12:00:00,12.0,3
2026-06-17,ED 1B 85 A4,สุรชัย,17:02:41,17.045,4
2026-06-18,ED 1B 85 A4,สุรชัย,17:02:15,17.038,1
2026-06-19,ED 1B 85 A4,สุรชัย,10:51:57,10.866,1
2026-06-19,ED 1B 85 A4,สุรชัย,15:02:57,15.049,2
2026-06-19,ED 1B 85 A4,สุรชัย,16:00:43,16.012,3
2026-06-19,ED 1B 85 A4,สุรชัย,20:40:36,20.677,4
2026-06-20,ED 1B 85 A4,สุรชัย,06:24:50,6.414,1
2026-06-20,ED 1B 85 A4,สุรชัย,16:02:02,16.034,2
2026-06-21,ED 1B 85 A4,สุรชัย,10:57:36,10.96,1
2026-06-21,ED 1B 85 A4,สุรชัย,15:00:52,15.014,2
2026-06-21,ED 1B 85 A4,สุรชัย,16:01:09,16.019,3
2026-06-21,ED 1B 85 A4,สุรชัย,19:59:58,19.999,4
2026-06-22,ED 1B 85 A4,สุรชัย,06:52:31,6.875,1
2026-06-22,ED 1B 85 A4,สุรชัย,11:04:09,11.069,2
2026-06-22,ED 1B 85 A4,สุรชัย,11:58:45,11.979,3
2026-06-22,ED 1B 85 A4,สุรชัย,13:58:17,13.971,4
2026-06-22,ED 1B 85 A4,สุรชัย,15:06:51,15.114,5
2026-06-22,ED 1B 85 A4,สุรชัย,20:04:05,20.068,6
2026-06-23,ED 1B 85 A4,สุรชัย,06:52:37,6.877,1
2026-06-23,ED 1B 85 A4,สุรชัย,11:08:39,11.144,2
2026-06-23,ED 1B 85 A4,สุรชัย,12:00:53,12.015,3
2026-06-23,ED 1B 85 A4,สุรชัย,16:02:45,16.046,4
2026-06-23,ED 1B 85 A4,สุรชัย,17:01:31,17.025,5
2026-06-23,ED 1B 85 A4,สุรชัย,20:00:51,20.014,6
2026-06-24,ED 1B 85 A4,สุรชัย,06:24:28,6.408,1
2026-06-24,ED 1B 85 A4,สุรชัย,10:59:40,10.994,2
2026-06-24,ED 1B 85 A4,สุรชัย,12:02:02,12.034,3
2026-06-24,ED 1B 85 A4,สุรชัย,17:01:37,17.027,4
2026-06-26,ED 1B 85 A4,สุรชัย,10:56:54,10.948,1
2026-06-26,ED 1B 85 A4,สุรชัย,14:59:16,14.988,2
2026-06-26,ED 1B 85 A4,สุรชัย,15:55:30,15.925,3
2026-06-26,ED 1B 85 A4,สุรชัย,20:45:02,20.751,4
2026-06-27,ED 1B 85 A4,สุรชัย,06:27:17,6.455,1
2026-06-27,ED 1B 85 A4,สุรชัย,11:00:02,11.001,2
2026-06-27,ED 1B 85 A4,สุรชัย,12:00:14,12.004,3
2026-06-27,ED 1B 85 A4,สุรชัย,17:00:13,17.004,4
2026-06-28,ED 1B 85 A4,สุรชัย,06:23:12,6.387,1
2026-06-28,ED 1B 85 A4,สุรชัย,11:02:30,11.042,2
2026-06-28,ED 1B 85 A4,สุรชัย,15:29:54,15.498,3
2026-06-29,ED 1B 85 A4,สุรชัย,06:50:56,6.849,1
2026-06-29,ED 1B 85 A4,สุรชัย,11:00:10,11.003,2
2026-06-29,ED 1B 85 A4,สุรชัย,11:57:28,11.958,3
2026-06-29,ED 1B 85 A4,สุรชัย,15:00:44,15.012,4
2026-06-29,ED 1B 85 A4,สุรชัย,16:00:13,16.004,5
2026-06-29,ED 1B 85 A4,สุรชัย,20:02:26,20.041,6
2026-06-30,ED 1B 85 A4,สุรชัย,06:53:14,6.887,1
2026-06-30,ED 1B 85 A4,สุรชัย,11:01:40,11.028,2
2026-06-30,ED 1B 85 A4,สุรชัย,12:00:24,12.007,3
2026-06-30,ED 1B 85 A4,สุรชัย,14:00:03,14.001,4
2026-06-30,ED 1B 85 A4,สุรชัย,15:01:48,15.03,5
2026-06-30,ED 1B 85 A4,สุรชัย,20:00:55,20.015,6
2026-07-01,ED 1B 85 A4,สุรชัย,06:25:24,6.423,1
2026-07-01,ED 1B 85 A4,สุรชัย,10:59:51,10.997,2
2026-07-01,ED 1B 85 A4,สุรชัย,11:59:33,11.992,3
2026-07-01,ED 1B 85 A4,สุรชัย,16:33:22,16.556,4
2026-07-03,ED 1B 85 A4,สุรชัย,10:52:48,10.88,1
2026-07-03,ED 1B 85 A4,สุรชัย,15:00:46,15.013,2
2026-07-03,ED 1B 85 A4,สุรชัย,15:59:37,15.994,3
2026-07-03,ED 1B 85 A4,สุรชัย,20:41:34,20.693,4
2026-07-04,ED 1B 85 A4,สุรชัย,06:21:49,6.364,1
2026-07-04,ED 1B 85 A4,สุรชัย,11:00:53,11.015,2
2026-07-04,ED 1B 85 A4,สุรชัย,12:00:13,12.004,3
2026-07-04,ED 1B 85 A4,สุรชัย,16:48:01,16.8,4
2026-07-05,ED 1B 85 A4,สุรชัย,06:22:19,6.372,1
2026-07-05,ED 1B 85 A4,สุรชัย,11:00:52,11.014,2
2026-07-05,ED 1B 85 A4,สุรชัย,11:57:08,11.952,3
2026-07-10,ED 1B 85 A4,สุรชัย,10:52:15,10.871,1
2026-07-10,ED 1B 85 A4,สุรชัย,15:00:16,15.004,2
2026-07-10,ED 1B 85 A4,สุรชัย,15:59:05,15.985,3
2026-07-10,ED 1B 85 A4,สุรชัย,20:39:54,20.665,4
2026-07-11,ED 1B 85 A4,สุรชัย,06:27:33,6.459,1
2026-07-11,ED 1B 85 A4,สุรชัย,11:00:48,11.013,2
2026-07-11,ED 1B 85 A4,สุรชัย,11:58:43,11.979,3
2026-07-11,ED 1B 85 A4,สุรชัย,17:04:56,17.082,4
2026-07-12,ED 1B 85 A4,สุรชัย,06:29:25,6.49,1
2026-07-12,ED 1B 85 A4,สุรชัย,11:04:14,11.071,2
2026-07-12,ED 1B 85 A4,สุรชัย,11:58:58,11.983,3
2026-07-12,ED 1B 85 A4,สุรชัย,17:01:49,17.03,4
2026-07-13,ED 1B 85 A4,สุรชัย,06:54:46,6.913,1
2026-07-13,ED 1B 85 A4,สุรชัย,11:00:09,11.002,2
2026-07-13,ED 1B 85 A4,สุรชัย,12:01:03,12.018,3
2026-07-13,ED 1B 85 A4,สุรชัย,16:01:13,16.02,4
2026-07-13,ED 1B 85 A4,สุรชัย,17:02:05,17.035,5
2026-07-13,ED 1B 85 A4,สุรชัย,20:43:30,20.725,6
2026-07-14,ED 1B 85 A4,สุรชัย,06:54:30,6.908,1
2026-07-14,ED 1B 85 A4,สุรชัย,11:02:12,11.037,2
2026-07-14,ED 1B 85 A4,สุรชัย,12:00:36,12.01,3
2026-07-14,ED 1B 85 A4,สุรชัย,15:00:10,15.003,4
2026-07-14,ED 1B 85 A4,สุรชัย,15:59:38,15.994,5
2026-07-14,ED 1B 85 A4,สุรชัย,20:00:33,20.009,6
2026-07-15,ED 1B 85 A4,สุรชัย,06:20:54,6.348,1
2026-07-15,ED 1B 85 A4,สุรชัย,11:00:39,11.011,2
2026-07-15,ED 1B 85 A4,สุรชัย,11:59:29,11.991,3
2026-07-15,ED 1B 85 A4,สุรชัย,17:03:00,17.05,4
2026-07-16,ED 1B 85 A4,สุรชัย,06:03:47,6.063,1
2026-07-16,ED 1B 85 A4,สุรชัย,14:01:43,14.029,2
2026-07-17,ED 1B 85 A4,สุรชัย,10:53:51,10.897,1
2026-07-17,ED 1B 85 A4,สุรชัย,15:01:36,15.027,2
2026-07-17,ED 1B 85 A4,สุรชัย,16:00:23,16.006,3
2026-07-17,ED 1B 85 A4,สุรชัย,20:43:17,20.721,4
2026-07-19,ED 1B 85 A4,สุรชัย,10:51:19,10.855,1
2026-07-19,ED 1B 85 A4,สุรชัย,15:00:34,15.009,2
2026-07-19,ED 1B 85 A4,สุรชัย,15:59:16,15.988,3
2026-07-19,ED 1B 85 A4,สุรชัย,20:01:52,20.031,4
2026-07-20,ED 1B 85 A4,สุรชัย,06:56:32,6.942,1
2026-07-20,ED 1B 85 A4,สุรชัย,11:00:49,11.014,2
2026-07-20,ED 1B 85 A4,สุรชัย,11:59:41,11.995,3
2026-07-20,ED 1B 85 A4,สุรชัย,15:00:12,15.003,4
2026-07-20,ED 1B 85 A4,สุรชัย,16:00:23,16.006,5
2026-07-20,ED 1B 85 A4,สุรชัย,20:03:27,20.058,6
2026-07-21,ED 1B 85 A4,สุรชัย,06:58:17,6.971,1
2026-07-21,ED 1B 85 A4,สุรชัย,11:00:51,11.014,2
2026-07-21,ED 1B 85 A4,สุรชัย,11:59:27,11.991,3
2026-07-21,ED 1B 85 A4,สุรชัย,16:01:07,16.019,4
2026-07-21,ED 1B 85 A4,สุรชัย,17:02:22,17.039,5
2026-07-21,ED 1B 85 A4,สุรชัย,20:00:28,20.008,6
2026-07-22,ED 1B 85 A4,สุรชัย,06:27:14,6.454,1
2026-07-22,ED 1B 85 A4,สุรชัย,11:00:59,11.016,2
2026-07-22,ED 1B 85 A4,สุรชัย,12:00:35,12.01,3
2026-07-22,ED 1B 85 A4,สุรชัย,16:04:11,16.07,4
2026-07-24,ED 1B 85 A4,สุรชัย,10:50:38,10.844,1
2026-07-24,ED 1B 85 A4,สุรชัย,14:59:54,14.998,2
2026-07-24,ED 1B 85 A4,สุรชัย,15:59:51,15.997,3
2026-07-24,ED 1B 85 A4,สุรชัย,20:39:33,20.659,4
2026-07-25,ED 1B 85 A4,สุรชัย,06:20:55,6.349,1
2026-07-25,ED 1B 85 A4,สุรชัย,12:00:20,12.006,2
2026-07-25,ED 1B 85 A4,สุรชัย,17:03:44,17.062,3
2026-07-26,ED 1B 85 A4,สุรชัย,10:55:52,10.931,1
2026-07-26,ED 1B 85 A4,สุรชัย,15:00:40,15.011,2
2026-07-26,ED 1B 85 A4,สุรชัย,15:58:34,15.976,3
2026-07-26,ED 1B 85 A4,สุรชัย,20:01:41,20.028,4
2026-07-27,ED 1B 85 A4,สุรชัย,06:56:36,6.943,1
2026-07-27,ED 1B 85 A4,สุรชัย,12:05:06,12.085,2
2026-07-27,ED 1B 85 A4,สุรชัย,13:00:16,13.004,3
2026-07-27,ED 1B 85 A4,สุรชัย,14:59:24,14.99,4
2026-07-27,ED 1B 85 A4,สุรชัย,16:00:35,16.01,5
2026-07-27,ED 1B 85 A4,สุรชัย,20:40:18,20.672,6
2026-07-28,ED 1B 85 A4,สุรชัย,06:22:20,6.372,1
2026-07-28,ED 1B 85 A4,สุรชัย,12:00:34,12.009,2
2026-07-28,ED 1B 85 A4,สุรชัย,17:01:05,17.018,3
2026-07-29,ED 1B 85 A4,สุรชัย,06:31:08,6.519,1
2026-07-29,ED 1B 85 A4,สุรชัย,10:59:57,10.999,2
2026-07-29,ED 1B 85 A4,สุรชัย,12:01:07,12.019,3
2026-07-29,ED 1B 85 A4,สุรชัย,17:00:42,17.012,4
2026-07-31,ED 1B 85 A4,สุรชัย,10:52:10,10.869,1
2026-07-31,ED 1B 85 A4,สุรชัย,15:00:13,15.004,2
2026-07-31,ED 1B 85 A4,สุรชัย,16:00:27,16.008,3
2026-07-31,ED 1B 85 A4,สุรชัย,20:41:01,20.684,4
2026-08-01,ED 1B 85 A4,สุรชัย,06:29:21,6.489,1
2026-08-01,ED 1B 85 A4,สุรชัย,11:01:16,11.021,2
2026-08-01,ED 1B 85 A4,สุรชัย,11:58:41,11.978,3
2026-08-01,ED 1B 85 A4,สุรชัย,15:33:01,15.55,4
2026-08-03,ED 1B 85 A4,สุรชัย,06:52:48,6.88,1
2026-08-03,ED 1B 85 A4,สุรชัย,12:00:23,12.006,2
2026-08-03,ED 1B 85 A4,สุรชัย,16:05:07,16.085,3
2026-08-03,ED 1B 85 A4,สุรชัย,16:59:00,16.983,4
2026-08-03,ED 1B 85 A4,สุรชัย,20:00:01,20.0,5
2026-08-04,ED 1B 85 A4,สุรชัย,06:59:31,6.992,1
2026-08-04,ED 1B 85 A4,สุรชัย,11:00:17,11.005,2
2026-08-04,ED 1B 85 A4,สุรชัย,12:02:30,12.042,3
2026-08-04,ED 1B 85 A4,สุรชัย,14:59:46,14.996,4
2026-08-04,ED 1B 85 A4,สุรชัย,16:01:53,16.031,5
2026-08-04,ED 1B 85 A4,สุรชัย,20:00:24,20.007,6
2026-08-05,ED 1B 85 A4,สุรชัย,06:28:49,6.48,1
2026-08-05,ED 1B 85 A4,สุรชัย,11:00:30,11.008,2
2026-08-05,ED 1B 85 A4,สุรชัย,17:01:38,17.027,3
2026-08-06,ED 1B 85 A4,สุรชัย,10:51:47,10.863,1
2026-08-06,ED 1B 85 A4,สุรชัย,15:01:39,15.028,2
2026-08-06,ED 1B 85 A4,สุรชัย,16:02:28,16.041,3
2026-08-06,ED 1B 85 A4,สุรชัย,20:39:08,20.652,4
2026-08-07,ED 1B 85 A4,สุรชัย,10:55:31,10.925,1
2026-08-07,ED 1B 85 A4,สุรชัย,15:00:53,15.015,2
2026-08-07,ED 1B 85 A4,สุรชัย,15:59:58,15.999,3
2026-08-07,ED 1B 85 A4,สุรชัย,20:40:32,20.676,4
2026-08-08,ED 1B 85 A4,สุรชัย,06:29:23,6.49,1
2026-08-08,ED 1B 85 A4,สุรชัย,11:01:05,11.018,2
2026-08-11,ED 1B 85 A4,สุรชัย,10:41:52,10.698,1
2026-08-11,ED 1B 85 A4,สุรชัย,15:00:09,15.002,2
2026-08-11,ED 1B 85 A4,สุรชัย,16:01:55,16.032,3
2026-08-11,ED 1B 85 A4,สุรชัย,20:40:12,20.67,4
2026-08-13,ED 1B 85 A4,สุรชัย,10:59:59,11.0,1
2026-08-13,ED 1B 85 A4,สุรชัย,17:09:21,17.156,2
2026-08-14,ED 1B 85 A4,สุรชัย,10:57:42,10.962,1
2026-08-14,ED 1B 85 A4,สุรชัย,14:59:43,14.995,2
2026-08-14,ED 1B 85 A4,สุรชัย,15:59:52,15.998,3
2026-08-15,ED 1B 85 A4,สุรชัย,06:26:04,6.434,1
2026-08-15,ED 1B 85 A4,สุรชัย,11:00:13,11.004,2
2026-08-15,ED 1B 85 A4,สุรชัย,12:00:26,12.007,3
2026-08-15,ED 1B 85 A4,สุรชัย,17:00:56,17.016,4
2026-08-16,ED 1B 85 A4,สุรชัย,10:54:32,10.909,1
2026-08-16,ED 1B 85 A4,สุรชัย,15:01:37,15.027,2
2026-08-16,ED 1B 85 A4,สุรชัย,16:03:38,16.061,3
2026-08-16,ED 1B 85 A4,สุรชัย,20:43:25,20.724,4
2026-08-17,ED 1B 85 A4,สุรชัย,06:52:02,6.867,1
2026-08-17,ED 1B 85 A4,สุรชัย,10:59:50,10.997,2
2026-08-17,ED 1B 85 A4,สุรชัย,15:01:35,15.026,3
2026-08-17,ED 1B 85 A4,สุรชัย,16:01:41,16.028,4
2026-08-18,ED 1B 85 A4,สุรชัย,16:00:00,16.0,1
2026-08-18,ED 1B 85 A4,สุรชัย,20:01:04,20.018,2
2026-08-19,ED 1B 85 A4,สุรชัย,06:30:30,6.508,1
2026-08-19,ED 1B 85 A4,สุรชัย,11:00:22,11.006,2
2026-08-19,ED 1B 85 A4,สุรชัย,12:00:34,12.009,3
2026-08-19,ED 1B 85 A4,สุรชัย,17:00:27,17.008,4
2026-08-20,ED 1B 85 A4,สุรชัย,06:29:30,6.492,1
2026-08-20,ED 1B 85 A4,สุรชัย,11:00:09,11.002,2
2026-08-20,ED 1B 85 A4,สุรชัย,17:00:00,17.0,3
2026-08-21,ED 1B 85 A4,สุรชัย,06:31:26,6.524,1
2026-08-21,ED 1B 85 A4,สุรชัย,11:01:09,11.019,2
2026-08-21,ED 1B 85 A4,สุรชัย,12:02:00,12.033,3
2026-08-21,ED 1B 85 A4,สุรชัย,16:01:45,16.029,4
2026-08-22,ED 1B 85 A4,สุรชัย,07:52:25,7.874,1
2026-08-22,ED 1B 85 A4,สุรชัย,11:01:15,11.021,2
2026-08-22,ED 1B 85 A4,สุรชัย,12:04:53,12.081,3
2026-08-22,ED 1B 85 A4,สุรชัย,17:00:19,17.005,4
2026-08-24,ED 1B 85 A4,สุรชัย,10:54:58,10.916,1
2026-08-24,ED 1B 85 A4,สุรชัย,15:00:28,15.008,2
2026-08-24,ED 1B 85 A4,สุรชัย,15:59:19,15.989,3
2026-08-26,ED 1B 85 A4,สุรชัย,15:59:38,15.994,1
2026-08-26,ED 1B 85 A4,สุรชัย,20:41:20,20.689,2
2026-08-28,ED 1B 85 A4,สุรชัย,10:51:57,10.866,1
2026-08-28,ED 1B 85 A4,สุรชัย,15:00:01,15.0,2
2026-08-28,ED 1B 85 A4,สุรชัย,16:00:48,16.013,3
2026-08-28,ED 1B 85 A4,สุรชัย,20:41:59,20.7,4
2026-08-29,ED 1B 85 A4,สุรชัย,07:52:45,7.879,1
2026-08-29,ED 1B 85 A4,สุรชัย,11:01:31,11.025,2
2026-08-29,ED 1B 85 A4,สุรชัย,12:01:44,12.029,3
2026-08-29,ED 1B 85 A4,สุรชัย,17:04:48,17.08,4
2026-08-30,ED 1B 85 A4,สุรชัย,06:30:54,6.515,1
2026-08-30,ED 1B 85 A4,สุรชัย,11:01:17,11.021,2
2026-08-30,ED 1B 85 A4,สุรชัย,12:00:39,12.011,3
2026-08-30,ED 1B 85 A4,สุรชัย,17:03:59,17.066,4
2026-08-31,ED 1B 85 A4,สุรชัย,12:03:50,12.064,1
2026-08-31,ED 1B 85 A4,สุรชัย,13:03:01,13.05,2
2026-08-31,ED 1B 85 A4,สุรชัย,14:59:30,14.992,3
2026-08-31,ED 1B 85 A4,สุรชัย,15:54:47,15.913,4
2026-08-31,ED 1B 85 A4,สุรชัย,20:01:13,20.02,5
2026-09-01,ED 1B 85 A4,สุรชัย,06:51:24,6.857,1
2026-09-01,ED 1B 85 A4,สุรชัย,11:02:19,11.039,2
2026-09-01,ED 1B 85 A4,สุรชัย,11:59:41,11.995,3
2026-09-01,ED 1B 85 A4,สุรชัย,14:59:21,14.989,4
2026-09-01,ED 1B 85 A4,สุรชัย,16:03:42,16.062,5
2026-09-01,ED 1B 85 A4,สุรชัย,20:00:38,20.011,6
2026-09-02,ED 1B 85 A4,สุรชัย,06:28:03,6.468,1
2026-09-02,ED 1B 85 A4,สุรชัย,11:01:21,11.022,2
2026-09-02,ED 1B 85 A4,สุรชัย,12:03:10,12.053,3
2026-09-02,ED 1B 85 A4,สุรชัย,17:05:38,17.094,4
2026-06-05,40 39 A8 41,หมีย่า,15:55:21,15.922,1
2026-06-06,40 39 A8 41,หมีย่า,07:18:48,7.313,1
2026-06-06,40 39 A8 41,หมีย่า,15:58:18,15.972,2
2026-06-09,40 39 A8 41,หมีย่า,07:21:02,7.351,1
2026-06-10,40 39 A8 41,หมีย่า,07:15:39,7.261,1
2026-06-10,40 39 A8 41,หมีย่า,16:02:07,16.035,2
2026-06-11,40 39 A8 41,หมีย่า,07:20:37,7.344,1
2026-06-11,40 39 A8 41,หมีย่า,15:51:27,15.858,2
2026-06-12,40 39 A8 41,หมีย่า,07:18:43,7.312,1
2026-06-13,40 39 A8 41,หมีย่า,07:08:56,7.149,1
2026-06-13,40 39 A8 41,หมีย่า,15:59:56,15.999,2
2026-06-15,40 39 A8 41,หมีย่า,07:13:44,7.229,1
2026-06-15,40 39 A8 41,หมีย่า,16:08:53,16.148,2
2026-06-16,40 39 A8 41,หมีย่า,07:14:40,7.244,1
2026-06-16,40 39 A8 41,หมีย่า,16:01:16,16.021,2
2026-06-17,40 39 A8 41,หมีย่า,07:24:48,7.413,1
2026-06-18,40 39 A8 41,หมีย่า,15:46:35,15.776,1
2026-06-19,40 39 A8 41,หมีย่า,07:04:51,7.081,1
2026-06-20,40 39 A8 41,หมีย่า,07:07:24,7.123,1
2026-06-22,40 39 A8 41,หมีย่า,07:06:26,7.107,1
2026-06-22,40 39 A8 41,หมีย่า,15:58:12,15.97,2
2026-06-23,40 39 A8 41,หมีย่า,07:07:06,7.118,1
2026-06-23,40 39 A8 41,หมีย่า,15:50:08,15.836,2
2026-06-24,40 39 A8 41,หมีย่า,07:11:51,7.198,1
2026-06-24,40 39 A8 41,หมีย่า,15:52:10,15.869,2
2026-06-25,40 39 A8 41,หมีย่า,07:20:38,7.344,1
2026-06-26,40 39 A8 41,หมีย่า,07:20:07,7.335,1
2026-06-26,40 39 A8 41,หมีย่า,15:48:39,15.811,2
2026-06-27,40 39 A8 41,หมีย่า,07:17:16,7.288,1
2026-06-29,40 39 A8 41,หมีย่า,07:15:45,7.262,1
2026-06-30,40 39 A8 41,หมีย่า,06:59:17,6.988,1
2026-06-05,0D 64 7A A3,อรนิช,16:38:45,16.646,1
2026-06-06,0D 64 7A A3,อรนิช,07:47:47,7.796,1
2026-06-06,0D 64 7A A3,อรนิช,15:16:42,15.278,2
2026-06-08,0D 64 7A A3,อรนิช,08:04:29,8.075,1
2026-06-08,0D 64 7A A3,อรนิช,16:48:00,16.8,2
2026-06-09,0D 64 7A A3,อรนิช,16:40:05,16.668,1
2026-06-10,0D 64 7A A3,อรนิช,16:38:19,16.639,1
2026-06-11,0D 64 7A A3,อรนิช,08:11:52,8.198,1
2026-06-11,0D 64 7A A3,อรนิช,16:27:20,16.456,2
2026-06-12,0D 64 7A A3,อรนิช,08:03:35,8.06,1
2026-06-13,0D 64 7A A3,อรนิช,15:18:10,15.303,1
2026-06-15,0D 64 7A A3,อรนิช,16:37:56,16.632,1
2026-06-16,0D 64 7A A3,อรนิช,08:04:59,8.083,1
2026-06-16,0D 64 7A A3,อรนิช,16:38:39,16.644,2
2026-06-17,0D 64 7A A3,อรนิช,08:05:59,8.1,1
2026-06-17,0D 64 7A A3,อรนิช,16:42:47,16.713,2
2026-06-18,0D 64 7A A3,อรนิช,16:39:37,16.66,1
2026-06-19,0D 64 7A A3,อรนิช,16:44:22,16.739,1
2026-06-22,0D 64 7A A3,อรนิช,08:05:53,8.098,1
2026-06-22,0D 64 7A A3,อรนิช,15:07:58,15.133,2
2026-06-23,0D 64 7A A3,อรนิช,08:08:33,8.142,1
2026-06-23,0D 64 7A A3,อรนิช,16:47:02,16.784,2
2026-06-26,0D 64 7A A3,อรนิช,08:04:38,8.077,1
2026-07-06,0D 64 7A A3,อรนิช,16:40:26,16.674,1
2026-07-07,0D 64 7A A3,อรนิช,08:11:47,8.196,1
2026-07-07,0D 64 7A A3,อรนิช,16:38:35,16.643,2
2026-07-08,0D 64 7A A3,อรนิช,08:14:42,8.245,1
2026-07-08,0D 64 7A A3,อรนิช,16:42:25,16.707,2
2026-07-10,0D 64 7A A3,อรนิช,08:07:03,8.118,1
2026-07-11,0D 64 7A A3,อรนิช,08:17:47,8.296,1
2026-07-15,0D 64 7A A3,อรนิช,16:34:41,16.578,1
2026-07-29,0D 64 7A A3,อรนิช,08:14:40,8.244,1
2026-06-02,5A D6 56 BD,อาบา,10:58:02,10.967,1
2026-06-02,5A D6 56 BD,อาบา,16:05:59,16.1,2
2026-06-02,5A D6 56 BD,อาบา,16:59:20,16.989,3
2026-06-02,5A D6 56 BD,อาบา,20:02:08,20.036,4
2026-06-03,5A D6 56 BD,อาบา,06:30:15,6.504,1
2026-06-03,5A D6 56 BD,อาบา,12:01:39,12.028,2
2026-06-03,5A D6 56 BD,อาบา,13:00:42,13.012,3
2026-06-04,5A D6 56 BD,อาบา,06:46:53,6.781,1
2026-06-04,5A D6 56 BD,อาบา,11:02:16,11.038,2
2026-06-04,5A D6 56 BD,อาบา,12:00:37,12.01,3
2026-06-04,5A D6 56 BD,อาบา,17:00:58,17.016,4
2026-06-05,5A D6 56 BD,อาบา,12:01:53,12.031,1
2026-06-05,5A D6 56 BD,อาบา,15:02:43,15.045,2
2026-06-05,5A D6 56 BD,อาบา,15:59:57,15.999,3
2026-06-05,5A D6 56 BD,อาบา,20:00:41,20.011,4
2026-06-06,5A D6 56 BD,อาบา,06:50:56,6.849,1
2026-06-06,5A D6 56 BD,อาบา,11:01:02,11.017,2
2026-06-06,5A D6 56 BD,อาบา,12:01:23,12.023,3
2026-06-06,5A D6 56 BD,อาบา,16:01:18,16.022,4
2026-06-06,5A D6 56 BD,อาบา,16:56:22,16.939,5
2026-06-06,5A D6 56 BD,อาบา,20:00:30,20.008,6
2026-06-07,5A D6 56 BD,อาบา,06:24:31,6.409,1
2026-06-07,5A D6 56 BD,อาบา,12:05:26,12.091,2
2026-06-07,5A D6 56 BD,อาบา,12:59:46,12.996,3
2026-06-09,5A D6 56 BD,อาบา,10:57:37,10.96,1
2026-06-09,5A D6 56 BD,อาบา,15:02:36,15.043,2
2026-06-09,5A D6 56 BD,อาบา,15:58:59,15.983,3
2026-06-09,5A D6 56 BD,อาบา,20:01:30,20.025,4
2026-06-10,5A D6 56 BD,อาบา,06:30:22,6.506,1
2026-06-10,5A D6 56 BD,อาบา,12:03:38,12.061,2
2026-06-10,5A D6 56 BD,อาบา,12:58:38,12.977,3
2026-06-10,5A D6 56 BD,อาบา,17:02:05,17.035,4
2026-06-11,5A D6 56 BD,อาบา,11:03:11,11.053,1
2026-06-11,5A D6 56 BD,อาบา,11:57:05,11.951,2
2026-06-11,5A D6 56 BD,อาบา,17:02:51,17.048,3
2026-06-12,5A D6 56 BD,อาบา,07:00:50,7.014,1
2026-06-12,5A D6 56 BD,อาบา,11:02:46,11.046,2
2026-06-12,5A D6 56 BD,อาบา,12:00:52,12.014,3
2026-06-12,5A D6 56 BD,อาบา,15:00:01,15.0,4
2026-06-12,5A D6 56 BD,อาบา,15:59:42,15.995,5
2026-06-12,5A D6 56 BD,อาบา,20:00:41,20.011,6
2026-06-13,5A D6 56 BD,อาบา,07:01:51,7.031,1
2026-06-13,5A D6 56 BD,อาบา,11:03:30,11.058,2
2026-06-13,5A D6 56 BD,อาบา,11:58:22,11.973,3
2026-06-13,5A D6 56 BD,อาบา,16:02:23,16.04,4
2026-06-13,5A D6 56 BD,อาบา,17:00:54,17.015,5
2026-06-13,5A D6 56 BD,อาบา,20:42:33,20.709,6
2026-06-16,5A D6 56 BD,อาบา,10:56:42,10.945,1
2026-06-16,5A D6 56 BD,อาบา,17:01:24,17.023,2
2026-06-16,5A D6 56 BD,อาบา,20:46:19,20.772,3
2026-06-17,5A D6 56 BD,อาบา,06:37:07,6.619,1
2026-06-17,5A D6 56 BD,อาบา,13:01:56,13.032,2
2026-06-18,5A D6 56 BD,อาบา,15:02:59,15.05,1
2026-06-18,5A D6 56 BD,อาบา,16:00:55,16.015,2
2026-06-18,5A D6 56 BD,อาบา,20:45:06,20.752,3
2026-06-19,5A D6 56 BD,อาบา,07:01:14,7.021,1
2026-06-19,5A D6 56 BD,อาบา,12:00:36,12.01,2
2026-06-19,5A D6 56 BD,อาบา,15:01:53,15.031,3
2026-06-19,5A D6 56 BD,อาบา,16:00:49,16.014,4
2026-06-19,5A D6 56 BD,อาบา,20:41:12,20.687,5
2026-06-20,5A D6 56 BD,อาบา,07:00:01,7.0,1
2026-06-20,5A D6 56 BD,อาบา,15:02:46,15.046,2
2026-06-20,5A D6 56 BD,อาบา,16:01:58,16.033,3
2026-06-20,5A D6 56 BD,อาบา,20:01:51,20.031,4
2026-06-21,5A D6 56 BD,อาบา,06:29:57,6.499,1
2026-06-21,5A D6 56 BD,อาบา,11:01:36,11.027,2
2026-06-21,5A D6 56 BD,อาบา,11:58:27,11.974,3
2026-06-21,5A D6 56 BD,อาบา,17:04:10,17.069,4
2026-06-23,5A D6 56 BD,อาบา,15:00:15,15.004,1
2026-06-23,5A D6 56 BD,อาบา,16:00:23,16.006,2
2026-06-23,5A D6 56 BD,อาบา,20:45:43,20.762,3
2026-06-24,5A D6 56 BD,อาบา,06:25:41,6.428,1
2026-06-24,5A D6 56 BD,อาบา,12:01:15,12.021,2
2026-06-24,5A D6 56 BD,อาบา,12:59:39,12.994,3
2026-06-24,5A D6 56 BD,อาบา,17:02:39,17.044,4
2026-06-25,5A D6 56 BD,อาบา,06:39:30,6.658,1
2026-06-25,5A D6 56 BD,อาบา,13:00:36,13.01,2
2026-06-25,5A D6 56 BD,อาบา,17:02:14,17.037,3
2026-06-26,5A D6 56 BD,อาบา,06:29:25,6.49,1
2026-06-26,5A D6 56 BD,อาบา,12:05:22,12.089,2
2026-06-26,5A D6 56 BD,อาบา,13:06:01,13.1,3
2026-06-27,5A D6 56 BD,อาบา,06:59:39,6.994,1
2026-06-27,5A D6 56 BD,อาบา,11:01:06,11.018,2
2026-06-27,5A D6 56 BD,อาบา,12:01:14,12.021,3
2026-06-27,5A D6 56 BD,อาบา,15:01:18,15.022,4
2026-06-27,5A D6 56 BD,อาบา,16:00:42,16.012,5
2026-06-27,5A D6 56 BD,อาบา,20:01:33,20.026,6
2026-06-28,5A D6 56 BD,อาบา,06:31:14,6.521,1
2026-06-28,5A D6 56 BD,อาบา,12:02:20,12.039,2
2026-06-28,5A D6 56 BD,อาบา,13:00:38,13.011,3
2026-06-28,5A D6 56 BD,อาบา,17:02:21,17.039,4
2026-06-30,5A D6 56 BD,อาบา,10:57:24,10.957,1
2026-06-30,5A D6 56 BD,อาบา,15:01:09,15.019,2
2026-06-30,5A D6 56 BD,อาบา,16:00:33,16.009,3
2026-06-30,5A D6 56 BD,อาบา,20:42:49,20.714,4
2026-07-01,5A D6 56 BD,อาบา,06:34:24,6.573,1
2026-07-01,5A D6 56 BD,อาบา,12:02:14,12.037,2
2026-07-01,5A D6 56 BD,อาบา,13:00:01,13.0,3
2026-07-01,5A D6 56 BD,อาบา,17:03:36,17.06,4
2026-07-02,5A D6 56 BD,อาบา,10:50:22,10.839,1
2026-07-02,5A D6 56 BD,อาบา,15:01:02,15.017,2
2026-07-02,5A D6 56 BD,อาบา,15:59:06,15.985,3
2026-07-02,5A D6 56 BD,อาบา,20:39:02,20.651,4
2026-07-03,5A D6 56 BD,อาบา,06:57:21,6.956,1
2026-07-03,5A D6 56 BD,อาบา,11:01:06,11.018,2
2026-07-03,5A D6 56 BD,อาบา,11:59:53,11.998,3
2026-07-03,5A D6 56 BD,อาบา,16:02:39,16.044,4
2026-07-03,5A D6 56 BD,อาบา,17:00:51,17.014,5
2026-07-03,5A D6 56 BD,อาบา,20:40:55,20.682,6
2026-07-04,5A D6 56 BD,อาบา,06:57:46,6.963,1
2026-07-04,5A D6 56 BD,อาบา,11:01:02,11.017,2
2026-07-04,5A D6 56 BD,อาบา,12:00:50,12.014,3
2026-07-04,5A D6 56 BD,อาบา,16:00:56,16.016,4
2026-07-04,5A D6 56 BD,อาบา,20:01:51,20.031,5
2026-07-05,5A D6 56 BD,อาบา,06:26:24,6.44,1
2026-07-05,5A D6 56 BD,อาบา,12:01:36,12.027,2
2026-07-05,5A D6 56 BD,อาบา,12:59:13,12.987,3
2026-07-07,5A D6 56 BD,อาบา,15:01:13,15.02,1
2026-07-07,5A D6 56 BD,อาบา,16:00:43,16.012,2
2026-07-07,5A D6 56 BD,อาบา,20:43:31,20.725,3
2026-07-08,5A D6 56 BD,อาบา,06:31:37,6.527,1
2026-07-08,5A D6 56 BD,อาบา,11:00:05,11.001,2
2026-07-08,5A D6 56 BD,อาบา,12:01:10,12.019,3
2026-07-08,5A D6 56 BD,อาบา,17:00:35,17.01,4
2026-07-09,5A D6 56 BD,อาบา,06:30:18,6.505,1
2026-07-09,5A D6 56 BD,อาบา,12:03:09,12.052,2
2026-07-09,5A D6 56 BD,อาบา,13:00:53,13.015,3
2026-07-09,5A D6 56 BD,อาบา,17:00:12,17.003,4
2026-07-10,5A D6 56 BD,อาบา,06:55:26,6.924,1
2026-07-10,5A D6 56 BD,อาบา,11:03:54,11.065,2
2026-07-10,5A D6 56 BD,อาบา,11:59:22,11.989,3
2026-07-10,5A D6 56 BD,อาบา,16:01:40,16.028,4
2026-07-10,5A D6 56 BD,อาบา,17:03:16,17.054,5
2026-07-10,5A D6 56 BD,อาบา,20:01:13,20.02,6
2026-07-11,5A D6 56 BD,อาบา,07:05:46,7.096,1
2026-07-11,5A D6 56 BD,อาบา,11:02:47,11.046,2
2026-07-11,5A D6 56 BD,อาบา,11:59:38,11.994,3
2026-07-11,5A D6 56 BD,อาบา,14:59:07,14.985,4
2026-07-11,5A D6 56 BD,อาบา,16:00:48,16.013,5
2026-07-11,5A D6 56 BD,อาบา,20:02:04,20.034,6
2026-07-12,5A D6 56 BD,อาบา,06:44:15,6.738,1
2026-07-12,5A D6 56 BD,อาบา,12:02:07,12.035,2
2026-07-12,5A D6 56 BD,อาบา,13:01:08,13.019,3
2026-07-12,5A D6 56 BD,อาบา,17:01:36,17.027,4
2026-07-14,5A D6 56 BD,อาบา,10:51:50,10.864,1
2026-07-14,5A D6 56 BD,อาบา,14:59:56,14.999,2
2026-07-14,5A D6 56 BD,อาบา,16:00:48,16.013,3
2026-07-14,5A D6 56 BD,อาบา,20:41:46,20.696,4
2026-07-15,5A D6 56 BD,อาบา,06:31:07,6.519,1
2026-07-15,5A D6 56 BD,อาบา,12:02:31,12.042,2
2026-07-15,5A D6 56 BD,อาบา,17:00:49,17.014,3
2026-07-16,5A D6 56 BD,อาบา,06:28:12,6.47,1
2026-07-16,5A D6 56 BD,อาบา,11:01:11,11.02,2
2026-07-16,5A D6 56 BD,อาบา,12:01:53,12.031,3
2026-07-16,5A D6 56 BD,อาบา,17:01:32,17.026,4
2026-07-17,5A D6 56 BD,อาบา,06:49:51,6.831,1
2026-07-17,5A D6 56 BD,อาบา,11:01:19,11.022,2
2026-07-17,5A D6 56 BD,อาบา,11:58:43,11.979,3
2026-07-17,5A D6 56 BD,อาบา,15:01:57,15.032,4
2026-07-17,5A D6 56 BD,อาบา,16:00:45,16.012,5
2026-07-17,5A D6 56 BD,อาบา,17:04:26,17.074,6
2026-07-18,5A D6 56 BD,อาบา,07:01:13,7.02,1
2026-07-18,5A D6 56 BD,อาบา,12:02:09,12.036,2
2026-07-18,5A D6 56 BD,อาบา,12:57:14,12.954,3
2026-07-18,5A D6 56 BD,อาบา,16:00:50,16.014,4
2026-07-18,5A D6 56 BD,อาบา,16:57:59,16.966,5
2026-07-18,5A D6 56 BD,อาบา,20:02:36,20.043,6
2026-07-19,5A D6 56 BD,อาบา,06:39:26,6.657,1
2026-07-19,5A D6 56 BD,อาบา,12:01:07,12.019,2
2026-07-19,5A D6 56 BD,อาบา,13:01:18,13.022,3
2026-07-19,5A D6 56 BD,อาบา,17:02:53,17.048,4
2026-07-21,5A D6 56 BD,อาบา,10:54:06,10.902,1
2026-07-21,5A D6 56 BD,อาบา,15:00:26,15.007,2
2026-07-21,5A D6 56 BD,อาบา,15:59:29,15.991,3
2026-07-22,5A D6 56 BD,อาบา,06:30:52,6.514,1
2026-07-22,5A D6 56 BD,อาบา,11:00:33,11.009,2
2026-07-22,5A D6 56 BD,อาบา,12:00:42,12.012,3
2026-07-22,5A D6 56 BD,อาบา,17:00:01,17.0,4
2026-07-23,5A D6 56 BD,อาบา,06:31:25,6.524,1
2026-07-23,5A D6 56 BD,อาบา,12:02:13,12.037,2
2026-07-23,5A D6 56 BD,อาบา,13:00:31,13.009,3
2026-07-23,5A D6 56 BD,อาบา,17:02:21,17.039,4
2026-07-24,5A D6 56 BD,อาบา,06:57:35,6.96,1
2026-07-24,5A D6 56 BD,อาบา,12:01:05,12.018,2
2026-07-24,5A D6 56 BD,อาบา,13:00:47,13.013,3
2026-07-24,5A D6 56 BD,อาบา,15:00:00,15.0,4
2026-07-24,5A D6 56 BD,อาบา,16:00:22,16.006,5
2026-07-24,5A D6 56 BD,อาบา,20:00:22,20.006,6
2026-07-25,5A D6 56 BD,อาบา,07:02:58,7.049,1
2026-07-25,5A D6 56 BD,อาบา,12:00:56,12.016,2
2026-07-25,5A D6 56 BD,อาบา,13:01:05,13.018,3
2026-07-25,5A D6 56 BD,อาบา,16:01:35,16.026,4
2026-07-25,5A D6 56 BD,อาบา,17:00:52,17.014,5
2026-07-25,5A D6 56 BD,อาบา,20:02:21,20.039,6
2026-07-26,5A D6 56 BD,อาบา,06:34:47,6.58,1
2026-07-26,5A D6 56 BD,อาบา,11:00:56,11.016,2
2026-07-26,5A D6 56 BD,อาบา,17:01:00,17.017,3
2026-07-28,5A D6 56 BD,อาบา,10:50:27,10.841,1
2026-07-28,5A D6 56 BD,อาบา,15:00:18,15.005,2
2026-07-28,5A D6 56 BD,อาบา,16:00:44,16.012,3
2026-07-28,5A D6 56 BD,อาบา,20:45:47,20.763,4
2026-07-29,5A D6 56 BD,อาบา,11:01:58,11.033,1
2026-07-29,5A D6 56 BD,อาบา,12:01:03,12.018,2
2026-07-29,5A D6 56 BD,อาบา,17:01:07,17.019,3
2026-07-30,5A D6 56 BD,อาบา,12:02:26,12.041,1
2026-07-30,5A D6 56 BD,อาบา,13:00:07,13.002,2
2026-07-30,5A D6 56 BD,อาบา,17:07:27,17.124,3
2026-07-31,5A D6 56 BD,อาบา,06:58:44,6.979,1
2026-07-31,5A D6 56 BD,อาบา,12:05:32,12.092,2
2026-08-01,5A D6 56 BD,อาบา,06:59:41,6.995,1
2026-08-01,5A D6 56 BD,อาบา,12:00:01,12.0,2
2026-08-01,5A D6 56 BD,อาบา,13:01:27,13.024,3
2026-08-01,5A D6 56 BD,อาบา,16:03:03,16.051,4
2026-08-01,5A D6 56 BD,อาบา,16:54:49,16.914,5
2026-08-01,5A D6 56 BD,อาบา,20:02:51,20.048,6
2026-08-02,5A D6 56 BD,อาบา,06:32:05,6.535,1
2026-08-02,5A D6 56 BD,อาบา,11:04:04,11.068,2
2026-08-02,5A D6 56 BD,อาบา,17:03:15,17.054,3
2026-08-04,5A D6 56 BD,อาบา,11:07:24,11.123,1
2026-08-04,5A D6 56 BD,อาบา,15:00:42,15.012,2
2026-08-04,5A D6 56 BD,อาบา,16:00:03,16.001,3
2026-08-04,5A D6 56 BD,อาบา,20:41:21,20.689,4
2026-08-05,5A D6 56 BD,อาบา,06:32:30,6.542,1
2026-08-05,5A D6 56 BD,อาบา,12:02:36,12.043,2
2026-08-05,5A D6 56 BD,อาบา,13:00:31,13.009,3
2026-08-05,5A D6 56 BD,อาบา,16:59:09,16.986,4
2026-08-06,5A D6 56 BD,อาบา,06:32:20,6.539,1
2026-08-06,5A D6 56 BD,อาบา,12:01:47,12.03,2
2026-08-06,5A D6 56 BD,อาบา,13:03:24,13.057,3
2026-08-06,5A D6 56 BD,อาบา,17:02:19,17.039,4
2026-08-07,5A D6 56 BD,อาบา,07:03:44,7.062,1
2026-08-07,5A D6 56 BD,อาบา,12:02:34,12.043,2
2026-08-07,5A D6 56 BD,อาบา,12:50:42,12.845,3
2026-08-07,5A D6 56 BD,อาบา,12:56:39,12.944,4
2026-08-07,5A D6 56 BD,อาบา,16:03:27,16.058,5
2026-08-07,5A D6 56 BD,อาบา,17:01:00,17.017,6
2026-08-07,5A D6 56 BD,อาบา,20:01:04,20.018,7
2026-08-08,5A D6 56 BD,อาบา,06:58:27,6.974,1
2026-08-08,5A D6 56 BD,อาบา,12:01:05,12.018,2
2026-08-08,5A D6 56 BD,อาบา,13:00:23,13.006,3
2026-08-08,5A D6 56 BD,อาบา,16:00:46,16.013,4
2026-08-08,5A D6 56 BD,อาบา,17:01:15,17.021,5
2026-08-08,5A D6 56 BD,อาบา,20:00:56,20.016,6
2026-08-09,5A D6 56 BD,อาบา,06:31:22,6.523,1
2026-08-09,5A D6 56 BD,อาบา,12:02:13,12.037,2
2026-08-09,5A D6 56 BD,อาบา,13:00:15,13.004,3
2026-08-09,5A D6 56 BD,อาบา,17:01:19,17.022,4
2026-08-10,5A D6 56 BD,อาบา,07:01:18,7.022,1
2026-08-10,5A D6 56 BD,อาบา,12:02:05,12.035,2
2026-08-10,5A D6 56 BD,อาบา,13:00:20,13.006,3
2026-08-10,5A D6 56 BD,อาบา,16:01:13,16.02,4
2026-08-10,5A D6 56 BD,อาบา,16:59:40,16.994,5
2026-08-10,5A D6 56 BD,อาบา,20:01:35,20.026,6
2026-08-11,5A D6 56 BD,อาบา,12:01:00,12.017,1
2026-08-11,5A D6 56 BD,อาบา,13:00:35,13.01,2
2026-08-11,5A D6 56 BD,อาบา,17:01:33,17.026,3
2026-08-13,5A D6 56 BD,อาบา,12:01:53,12.031,1
2026-08-13,5A D6 56 BD,อาบา,13:00:34,13.009,2
2026-08-13,5A D6 56 BD,อาบา,17:00:49,17.014,3
2026-08-14,5A D6 56 BD,อาบา,07:05:09,7.086,1
2026-08-14,5A D6 56 BD,อาบา,11:00:44,11.012,2
2026-08-14,5A D6 56 BD,อาบา,12:03:26,12.057,3
2026-08-14,5A D6 56 BD,อาบา,16:00:42,16.012,4
2026-08-14,5A D6 56 BD,อาบา,17:01:08,17.019,5
2026-08-14,5A D6 56 BD,อาบา,20:00:59,20.016,6
2026-08-15,5A D6 56 BD,อาบา,07:02:49,7.047,1
2026-08-15,5A D6 56 BD,อาบา,12:01:02,12.017,2
2026-08-15,5A D6 56 BD,อาบา,13:00:39,13.011,3
2026-08-15,5A D6 56 BD,อาบา,16:02:00,16.033,4
2026-08-15,5A D6 56 BD,อาบา,17:01:48,17.03,5
2026-08-15,5A D6 56 BD,อาบา,20:00:16,20.004,6
2026-08-18,5A D6 56 BD,อาบา,16:00:53,16.015,1
2026-08-18,5A D6 56 BD,อาบา,20:39:54,20.665,2
2026-08-19,5A D6 56 BD,อาบา,06:35:18,6.588,1
2026-08-19,5A D6 56 BD,อาบา,12:02:37,12.044,2
2026-08-20,5A D6 56 BD,อาบา,06:31:44,6.529,1
2026-08-20,5A D6 56 BD,อาบา,13:00:20,13.006,2
2026-08-20,5A D6 56 BD,อาบา,17:02:09,17.036,3
2026-08-21,5A D6 56 BD,อาบา,06:54:54,6.915,1
2026-08-21,5A D6 56 BD,อาบา,13:01:20,13.022,2
2026-08-21,5A D6 56 BD,อาบา,16:00:11,16.003,3
2026-08-21,5A D6 56 BD,อาบา,17:00:13,17.004,4
2026-08-21,5A D6 56 BD,อาบา,20:01:28,20.024,5
2026-08-22,5A D6 56 BD,อาบา,07:01:33,7.026,1
2026-08-22,5A D6 56 BD,อาบา,12:00:55,12.015,2
2026-08-22,5A D6 56 BD,อาบา,16:05:36,16.093,3
2026-08-22,5A D6 56 BD,อาบา,17:01:10,17.019,4
2026-08-22,5A D6 56 BD,อาบา,19:59:52,19.998,5
2026-08-23,5A D6 56 BD,อาบา,06:35:39,6.594,1
2026-08-23,5A D6 56 BD,อาบา,12:01:10,12.019,2
2026-08-23,5A D6 56 BD,อาบา,13:03:01,13.05,3
2026-08-23,5A D6 56 BD,อาบา,17:02:58,17.049,4
2026-08-27,5A D6 56 BD,อาบา,06:43:28,6.724,1
2026-08-27,5A D6 56 BD,อาบา,12:01:03,12.018,2
2026-08-27,5A D6 56 BD,อาบา,12:56:05,12.935,3
2026-08-27,5A D6 56 BD,อาบา,17:01:50,17.031,4
2026-08-28,5A D6 56 BD,อาบา,06:58:03,6.968,1
2026-08-28,5A D6 56 BD,อาบา,12:04:20,12.072,2
2026-08-28,5A D6 56 BD,อาบา,13:07:51,13.131,3
2026-08-28,5A D6 56 BD,อาบา,16:02:49,16.047,4
2026-08-28,5A D6 56 BD,อาบา,17:02:03,17.034,5
2026-08-28,5A D6 56 BD,อาบา,20:00:28,20.008,6
2026-08-29,5A D6 56 BD,อาบา,06:58:20,6.972,1
2026-08-29,5A D6 56 BD,อาบา,12:00:48,12.013,2
2026-08-29,5A D6 56 BD,อาบา,12:59:18,12.988,3
2026-08-29,5A D6 56 BD,อาบา,17:01:21,17.022,4
2026-08-29,5A D6 56 BD,อาบา,20:00:53,20.015,5
2026-08-30,5A D6 56 BD,อาบา,06:20:03,6.334,1
2026-08-30,5A D6 56 BD,อาบา,12:01:25,12.024,2
2026-08-30,5A D6 56 BD,อาบา,13:01:32,13.026,3
2026-08-30,5A D6 56 BD,อาบา,17:02:17,17.038,4
2026-09-01,5A D6 56 BD,อาบา,11:03:26,11.057,1
2026-09-01,5A D6 56 BD,อาบา,15:00:20,15.006,2
2026-09-01,5A D6 56 BD,อาบา,16:00:55,16.015,3
2026-09-01,5A D6 56 BD,อาบา,20:40:31,20.675,4
2026-09-02,5A D6 56 BD,อาบา,06:27:27,6.458,1
2026-09-02,5A D6 56 BD,อาบา,12:03:01,12.05,2
2026-09-02,5A D6 56 BD,อาบา,17:00:15,17.004,3
2026-09-03,5A D6 56 BD,อาบา,06:33:58,6.566,1
2026-09-03,5A D6 56 BD,อาบา,12:01:20,12.022,2
2026-09-03,5A D6 56 BD,อาบา,13:01:11,13.02,3
2026-09-03,5A D6 56 BD,อาบา,17:00:00,17.0,4
2026-09-04,5A D6 56 BD,อาบา,06:56:37,6.944,1
2026-09-04,5A D6 56 BD,อาบา,12:04:15,12.071,2
2026-09-04,5A D6 56 BD,อาบา,13:00:24,13.007,3
2026-09-04,5A D6 56 BD,อาบา,16:01:00,16.017,4
2026-09-04,5A D6 56 BD,อาบา,17:00:38,17.011,5
2026-09-04,5A D6 56 BD,อาบา,20:00:12,20.003,6
2026-09-05,5A D6 56 BD,อาบา,06:47:37,6.794,1
2026-09-06,5A D6 56 BD,อาบา,06:34:19,6.572,1
2026-09-06,5A D6 56 BD,อาบา,12:03:41,12.061,2
2026-09-06,5A D6 56 BD,อาบา,13:00:16,13.004,3
2026-09-06,5A D6 56 BD,อาบา,17:00:43,17.012,4
2026-09-09,5A D6 56 BD,อาบา,06:53:39,6.894,1
2026-09-09,5A D6 56 BD,อาบา,12:01:46,12.029,2
2026-09-09,5A D6 56 BD,อาบา,12:57:08,12.952,3
2026-09-09,5A D6 56 BD,อาบา,16:00:02,16.001,4
2026-09-10,5A D6 56 BD,อาบา,11:03:07,11.052,1
2026-09-10,5A D6 56 BD,อาบา,15:00:26,15.007,2
2026-09-10,5A D6 56 BD,อาบา,16:00:34,16.009,3
2026-09-11,5A D6 56 BD,อาบา,06:33:20,6.556,1
2026-09-11,5A D6 56 BD,อาบา,12:02:19,12.039,2
2026-09-11,5A D6 56 BD,อาบา,13:00:29,13.008,3
2026-09-11,5A D6 56 BD,อาบา,17:01:52,17.031,4
2026-09-12,5A D6 56 BD,อาบา,07:00:26,7.007,1
2026-09-12,5A D6 56 BD,อาบา,12:04:09,12.069,2
2026-09-12,5A D6 56 BD,อาบา,13:01:04,13.018,3
2026-09-12,5A D6 56 BD,อาบา,16:59:55,16.999,4
2026-09-12,5A D6 56 BD,อาบา,20:00:13,20.004,5
2026-09-15,5A D6 56 BD,อาบา,10:59:54,10.998,1
2026-09-15,5A D6 56 BD,อาบา,15:03:41,15.061,2
2026-09-15,5A D6 56 BD,อาบา,16:00:44,16.012,3
2026-09-15,5A D6 56 BD,อาบา,20:41:44,20.696,4
2026-09-16,5A D6 56 BD,อาบา,06:36:11,6.603,1
2026-09-16,5A D6 56 BD,อาบา,12:01:45,12.029,2
2026-09-17,5A D6 56 BD,อาบา,06:30:36,6.51,1
2026-09-17,5A D6 56 BD,อาบา,12:01:56,12.032,2
2026-09-17,5A D6 56 BD,อาบา,13:00:50,13.014,3
2026-09-17,5A D6 56 BD,อาบา,17:01:06,17.018,4
2026-09-18,5A D6 56 BD,อาบา,07:01:41,7.028,1
2026-09-18,5A D6 56 BD,อาบา,12:00:38,12.011,2
2026-09-18,5A D6 56 BD,อาบา,13:00:21,13.006,3
2026-09-18,5A D6 56 BD,อาบา,16:03:06,16.052,4
2026-09-18,5A D6 56 BD,อาบา,16:58:37,16.977,5
2026-09-18,5A D6 56 BD,อาบา,20:00:06,20.002,6
2026-09-19,5A D6 56 BD,อาบา,07:00:31,7.009,1
2026-09-19,5A D6 56 BD,อาบา,12:58:41,12.978,2
2026-09-19,5A D6 56 BD,อาบา,16:00:45,16.012,3
2026-09-19,5A D6 56 BD,อาบา,16:59:54,16.998,4
2026-09-19,5A D6 56 BD,อาบา,20:00:09,20.002,5
2026-09-20,5A D6 56 BD,อาบา,06:01:51,6.031,1
2026-09-20,5A D6 56 BD,อาบา,14:02:43,14.045,2
2026-09-22,5A D6 56 BD,อาบา,11:04:50,11.081,1
2026-09-22,5A D6 56 BD,อาบา,16:00:20,16.006,2
2026-09-22,5A D6 56 BD,อาบา,20:40:05,20.668,3
2026-09-23,5A D6 56 BD,อาบา,12:01:00,12.017,1
2026-09-23,5A D6 56 BD,อาบา,13:00:09,13.002,2
2026-09-23,5A D6 56 BD,อาบา,17:01:26,17.024,3
2026-09-24,5A D6 56 BD,อาบา,06:29:41,6.495,1
2026-06-05,8F 9E A8 41,อาหมี่,15:48:29,15.808,1
2026-06-06,8F 9E A8 41,อาหมี่,06:50:20,6.839,1
2026-06-06,8F 9E A8 41,อาหมี่,15:51:56,15.866,2
2026-06-07,8F 9E A8 41,อาหมี่,06:41:09,6.686,1
2026-06-07,8F 9E A8 41,อาหมี่,15:53:54,15.898,2
2026-06-08,8F 9E A8 41,อาหมี่,15:48:23,15.806,1
2026-06-09,8F 9E A8 41,อาหมี่,06:42:05,6.701,1
2026-06-09,8F 9E A8 41,อาหมี่,15:50:04,15.834,2
2026-06-10,8F 9E A8 41,อาหมี่,06:57:11,6.953,1
2026-06-10,8F 9E A8 41,อาหมี่,16:00:02,16.001,2
2026-06-11,8F 9E A8 41,อาหมี่,06:52:33,6.876,1
2026-06-11,8F 9E A8 41,อาหมี่,15:46:33,15.776,2
2026-06-21,8F 9E A8 41,อาหมี่,06:38:36,6.643,1
2026-06-21,8F 9E A8 41,อาหมี่,15:50:10,15.836,2
2026-06-22,8F 9E A8 41,อาหมี่,06:49:04,6.818,1
2026-06-22,8F 9E A8 41,อาหมี่,15:59:03,15.984,2
2026-06-23,8F 9E A8 41,อาหมี่,06:37:33,6.626,1
2026-06-23,8F 9E A8 41,อาหมี่,15:51:44,15.862,2
2026-06-24,8F 9E A8 41,อาหมี่,06:42:22,6.706,1
2026-06-24,8F 9E A8 41,อาหมี่,16:00:12,16.003,2
2026-06-25,8F 9E A8 41,อาหมี่,06:54:12,6.903,1
2026-06-25,8F 9E A8 41,อาหมี่,16:03:10,16.053,2
2026-06-26,8F 9E A8 41,อาหมี่,06:50:51,6.848,1
2026-06-26,8F 9E A8 41,อาหมี่,15:46:48,15.78,2
2026-06-27,8F 9E A8 41,อาหมี่,06:58:24,6.973,1
2026-06-28,8F 9E A8 41,อาหมี่,07:09:13,7.154,1
2026-06-28,8F 9E A8 41,อาหมี่,15:50:02,15.834,2
2026-06-29,8F 9E A8 41,อาหมี่,06:52:16,6.871,1
2026-07-01,8F 9E A8 41,อาหมี่,07:01:10,7.019,1
2026-07-01,8F 9E A8 41,อาหมี่,15:51:51,15.864,2
2026-07-02,8F 9E A8 41,อาหมี่,07:03:22,7.056,1
2026-07-02,8F 9E A8 41,อาหมี่,15:56:11,15.936,2
2026-07-03,8F 9E A8 41,อาหมี่,06:55:16,6.921,1
2026-07-03,8F 9E A8 41,อาหมี่,15:40:25,15.674,2
2026-07-04,8F 9E A8 41,อาหมี่,06:56:53,6.948,1
2026-07-04,8F 9E A8 41,อาหมี่,15:42:35,15.71,2
2026-07-05,8F 9E A8 41,อาหมี่,06:48:09,6.802,1
2026-07-06,8F 9E A8 41,อาหมี่,15:52:54,15.882,1
2026-07-07,8F 9E A8 41,อาหมี่,06:50:01,6.834,1
2026-07-07,8F 9E A8 41,อาหมี่,15:56:04,15.934,2
2026-07-08,8F 9E A8 41,อาหมี่,06:58:47,6.98,1
2026-07-08,8F 9E A8 41,อาหมี่,15:44:22,15.739,2
2026-07-09,8F 9E A8 41,อาหมี่,06:56:05,6.935,1
2026-07-09,8F 9E A8 41,อาหมี่,15:50:31,15.842,2
2026-07-10,8F 9E A8 41,อาหมี่,06:58:40,6.978,1
2026-07-10,8F 9E A8 41,อาหมี่,15:59:44,15.996,2
2026-07-11,8F 9E A8 41,อาหมี่,06:51:35,6.86,1
2026-07-11,8F 9E A8 41,อาหมี่,15:48:20,15.806,2
2026-07-12,8F 9E A8 41,อาหมี่,06:50:03,6.834,1
2026-07-12,8F 9E A8 41,อาหมี่,15:54:23,15.906,2
2026-07-13,8F 9E A8 41,อาหมี่,06:52:01,6.867,1
2026-07-13,8F 9E A8 41,อาหมี่,15:49:06,15.818,2
2026-07-14,8F 9E A8 41,อาหมี่,06:58:11,6.97,1
2026-07-14,8F 9E A8 41,อาหมี่,15:51:19,15.855,2
2026-07-15,8F 9E A8 41,อาหมี่,15:58:15,15.971,1
2026-07-16,8F 9E A8 41,อาหมี่,15:53:11,15.886,1
2026-07-17,8F 9E A8 41,อาหมี่,06:54:26,6.907,1
2026-07-17,8F 9E A8 41,อาหมี่,15:55:07,15.919,2
2026-07-18,8F 9E A8 41,อาหมี่,06:58:11,6.97,1
2026-07-18,8F 9E A8 41,อาหมี่,15:27:31,15.459,2
2026-07-19,8F 9E A8 41,อาหมี่,06:57:33,6.959,1
2026-07-19,8F 9E A8 41,อาหมี่,15:47:05,15.785,2
2026-07-20,8F 9E A8 41,อาหมี่,06:49:35,6.826,1
2026-07-20,8F 9E A8 41,อาหมี่,15:55:42,15.928,2
2026-07-21,8F 9E A8 41,อาหมี่,06:53:25,6.89,1
2026-07-21,8F 9E A8 41,อาหมี่,15:51:26,15.857,2
2026-07-23,8F 9E A8 41,อาหมี่,06:55:44,6.929,1
2026-07-23,8F 9E A8 41,อาหมี่,15:54:11,15.903,2
2026-07-24,8F 9E A8 41,อาหมี่,06:57:11,6.953,1
2026-07-24,8F 9E A8 41,อาหมี่,16:03:11,16.053,2
2026-07-25,8F 9E A8 41,อาหมี่,06:57:17,6.955,1
2026-07-25,8F 9E A8 41,อาหมี่,15:49:46,15.829,2
2026-07-26,8F 9E A8 41,อาหมี่,07:03:43,7.062,1
2026-07-26,8F 9E A8 41,อาหมี่,15:53:07,15.885,2
2026-07-27,8F 9E A8 41,อาหมี่,06:44:38,6.744,1
2026-07-28,8F 9E A8 41,อาหมี่,06:57:04,6.951,1
2026-07-28,8F 9E A8 41,อาหมี่,14:22:37,14.377,2
2026-07-29,8F 9E A8 41,อาหมี่,06:53:00,6.883,1
2026-07-29,8F 9E A8 41,อาหมี่,15:53:59,15.9,2
2026-08-01,8F 9E A8 41,อาหมี่,07:01:25,7.024,1
2026-08-01,8F 9E A8 41,อาหมี่,15:46:13,15.77,2
2026-08-02,8F 9E A8 41,อาหมี่,06:56:13,6.937,1
2026-08-02,8F 9E A8 41,อาหมี่,15:47:19,15.789,2
2026-08-03,8F 9E A8 41,อาหมี่,06:54:43,6.912,1
2026-08-03,8F 9E A8 41,อาหมี่,15:47:40,15.794,2
2026-08-04,8F 9E A8 41,อาหมี่,06:59:24,6.99,1
2026-08-04,8F 9E A8 41,อาหมี่,15:44:07,15.735,2
2026-08-06,8F 9E A8 41,อาหมี่,06:38:01,6.634,1
2026-08-07,8F 9E A8 41,อาหมี่,15:36:54,15.615,1
2026-08-08,8F 9E A8 41,อาหมี่,06:58:06,6.968,1
2026-08-08,8F 9E A8 41,อาหมี่,15:32:30,15.542,2
2026-08-09,8F 9E A8 41,อาหมี่,06:54:48,6.913,1
2026-08-09,8F 9E A8 41,อาหมี่,15:30:13,15.504,2
2026-08-10,8F 9E A8 41,อาหมี่,07:02:57,7.049,1
2026-08-10,8F 9E A8 41,อาหมี่,15:47:54,15.798,2
2026-08-11,8F 9E A8 41,อาหมี่,15:38:38,15.644,1
2026-08-13,8F 9E A8 41,อาหมี่,15:43:55,15.732,1
2026-08-14,8F 9E A8 41,อาหมี่,06:53:40,6.894,1
2026-08-14,8F 9E A8 41,อาหมี่,15:50:30,15.842,2
2026-08-15,8F 9E A8 41,อาหมี่,07:04:08,7.069,1
2026-08-16,8F 9E A8 41,อาหมี่,06:54:20,6.906,1
2026-08-16,8F 9E A8 41,อาหมี่,15:47:30,15.792,2
2026-08-17,8F 9E A8 41,อาหมี่,07:00:16,7.004,1
2026-08-17,8F 9E A8 41,อาหมี่,15:52:18,15.872,2
2026-08-18,8F 9E A8 41,อาหมี่,15:53:53,15.898,1
2026-08-19,8F 9E A8 41,อาหมี่,07:09:11,7.153,1
2026-08-19,8F 9E A8 41,อาหมี่,15:30:56,15.516,2
2026-08-20,8F 9E A8 41,อาหมี่,06:56:46,6.946,1
2026-08-20,8F 9E A8 41,อาหมี่,15:45:53,15.765,2
2026-08-21,8F 9E A8 41,อาหมี่,06:53:35,6.893,1
2026-08-21,8F 9E A8 41,อาหมี่,15:50:48,15.847,2
2026-08-22,8F 9E A8 41,อาหมี่,06:54:22,6.906,1
2026-08-22,8F 9E A8 41,อาหมี่,15:38:37,15.644,2
2026-08-23,8F 9E A8 41,อาหมี่,06:57:33,6.959,1
2026-08-24,8F 9E A8 41,อาหมี่,07:04:12,7.07,1
2026-08-24,8F 9E A8 41,อาหมี่,15:50:18,15.838,2
2026-08-26,8F 9E A8 41,อาหมี่,15:57:47,15.963,1
2026-08-27,8F 9E A8 41,อาหมี่,07:04:23,7.073,1
2026-08-27,8F 9E A8 41,อาหมี่,15:53:02,15.884,2
2026-08-28,8F 9E A8 41,อาหมี่,07:05:08,7.086,1
2026-08-28,8F 9E A8 41,อาหมี่,15:49:09,15.819,2
2026-08-29,8F 9E A8 41,อาหมี่,06:58:31,6.975,1
2026-09-01,8F 9E A8 41,อาหมี่,07:01:31,7.025,1
2026-09-01,8F 9E A8 41,อาหมี่,15:49:55,15.832,2
2026-09-02,8F 9E A8 41,อาหมี่,06:55:42,6.928,1
2026-09-03,8F 9E A8 41,อาหมี่,06:37:05,6.618,1
2026-09-03,8F 9E A8 41,อาหมี่,15:53:40,15.894,2
2026-09-04,8F 9E A8 41,อาหมี่,06:57:53,6.965,1
2026-09-04,8F 9E A8 41,อาหมี่,15:56:04,15.934,2
2026-09-05,8F 9E A8 41,อาหมี่,07:02:52,7.048,1
2026-09-06,8F 9E A8 41,อาหมี่,06:46:41,6.778,1
2026-09-06,8F 9E A8 41,อาหมี่,15:41:10,15.686,2
2026-09-07,8F 9E A8 41,อาหมี่,07:02:33,7.042,1
2026-09-07,8F 9E A8 41,อาหมี่,15:50:37,15.844,2
2026-09-08,8F 9E A8 41,อาหมี่,07:10:09,7.169,1
2026-09-08,8F 9E A8 41,อาหมี่,15:56:20,15.939,2
2026-09-09,8F 9E A8 41,อาหมี่,07:01:05,7.018,1
2026-09-09,8F 9E A8 41,อาหมี่,15:34:08,15.569,2
2026-09-10,8F 9E A8 41,อาหมี่,08:10:03,8.167,1
2026-09-10,8F 9E A8 41,อาหมี่,15:52:51,15.881,2
2026-09-11,8F 9E A8 41,อาหมี่,06:52:45,6.879,1
2026-09-11,8F 9E A8 41,อาหมี่,15:34:45,15.579,2
2026-09-12,8F 9E A8 41,อาหมี่,06:55:22,6.923,1
2026-09-12,8F 9E A8 41,อาหมี่,15:45:52,15.764,2
2026-09-14,8F 9E A8 41,อาหมี่,15:47:16,15.788,1
2026-09-15,8F 9E A8 41,อาหมี่,06:54:42,6.912,1
2026-09-15,8F 9E A8 41,อาหมี่,16:00:23,16.006,2
2026-09-16,8F 9E A8 41,อาหมี่,07:03:05,7.051,1
2026-09-18,8F 9E A8 41,อาหมี่,06:52:41,6.878,1
2026-09-18,8F 9E A8 41,อาหมี่,15:50:07,15.835,2
2026-09-19,8F 9E A8 41,อาหมี่,07:04:02,7.067,1
2026-09-19,8F 9E A8 41,อาหมี่,15:39:39,15.661,2
2026-09-20,8F 9E A8 41,อาหมี่,06:52:11,6.87,1
2026-09-20,8F 9E A8 41,อาหมี่,15:32:45,15.546,2
2026-09-21,8F 9E A8 41,อาหมี่,07:04:44,7.079,1
2026-09-21,8F 9E A8 41,อาหมี่,16:17:45,16.296,2
2026-09-22,8F 9E A8 41,อาหมี่,07:04:40,7.078,1
2026-09-22,8F 9E A8 41,อาหมี่,15:40:27,15.674,2
2026-09-23,8F 9E A8 41,อาหมี่,07:03:53,7.065,1
2026-09-23,8F 9E A8 41,อาหมี่,15:50:23,15.84,2
2026-09-24,8F 9E A8 41,อาหมี่,07:06:17,7.105,1
2026-06-05,4E 85 A5 41,แสงหล้า,10:51:24,10.857,1
2026-06-10,4E 85 A5 41,แสงหล้า,08:01:39,8.028,1
2026-06-10,4E 85 A5 41,แสงหล้า,16:14:08,16.236,2
2026-06-11,4E 85 A5 41,แสงหล้า,07:40:18,7.672,1
2026-06-12,4E 85 A5 41,แสงหล้า,07:50:04,7.834,1
2026-06-13,4E 85 A5 41,แสงหล้า,08:37:31,8.625,1
2026-06-15,4E 85 A5 41,แสงหล้า,07:31:42,7.528,1
2026-06-16,4E 85 A5 41,แสงหล้า,07:35:39,7.594,1
2026-06-16,4E 85 A5 41,แสงหล้า,16:11:07,16.185,2
2026-06-17,4E 85 A5 41,แสงหล้า,07:36:36,7.61,1
2026-06-17,4E 85 A5 41,แสงหล้า,16:06:03,16.101,2
2026-06-19,4E 85 A5 41,แสงหล้า,07:26:12,7.437,1
2026-06-19,4E 85 A5 41,แสงหล้า,16:11:36,16.193,2
2026-06-22,4E 85 A5 41,แสงหล้า,07:09:38,7.161,1
2026-06-23,4E 85 A5 41,แสงหล้า,07:43:06,7.718,1
2026-06-24,4E 85 A5 41,แสงหล้า,07:23:48,7.397,1
2026-06-25,4E 85 A5 41,แสงหล้า,07:18:27,7.308,1
2026-06-25,4E 85 A5 41,แสงหล้า,16:06:45,16.112,2
2026-06-26,4E 85 A5 41,แสงหล้า,07:12:56,7.216,1
2026-06-27,4E 85 A5 41,แสงหล้า,08:05:31,8.092,1
2026-06-29,4E 85 A5 41,แสงหล้า,07:36:02,7.601,1
2026-06-30,4E 85 A5 41,แสงหล้า,07:28:30,7.475,1
2026-07-01,4E 85 A5 41,แสงหล้า,07:36:22,7.606,1
2026-07-02,4E 85 A5 41,แสงหล้า,07:39:32,7.659,1
2026-07-03,4E 85 A5 41,แสงหล้า,07:35:39,7.594,1
2026-07-04,4E 85 A5 41,แสงหล้า,08:36:11,8.603,1
